{"loss":{"0":1.4099012613,"1":0.810968399,"2":0.6150209904,"3":0.5120819211,"4":0.4462275505,"5":0.3990707695,"6":0.3639559448,"7":0.3361746371,"8":0.3125198483,"9":0.2926941812},"accuracy":{"0":0.5409041047,"1":0.7622621059,"2":0.8176244497,"3":0.8487371802,"4":0.8669472933,"5":0.8812225461,"6":0.8895497918,"7":0.8950402737,"8":0.9035505056,"9":0.9089494944},"auc":{"0":0.8727827668,"1":0.9632060528,"2":0.9778580666,"3":0.983923614,"4":0.9873518944,"5":0.9895466566,"6":0.9911135435,"7":0.9922487736,"8":0.9931979179,"9":0.9939075708},"precision":{"0":0.8976109028,"1":0.9096909761,"2":0.913374424,"3":0.9182676077,"4":0.9226045609,"5":0.927272737,"6":0.9310833812,"7":0.934324801,"8":0.9385557771,"9":0.9405474067},"recall":{"0":0.1684663296,"1":0.5549048185,"2":0.6918008924,"3":0.7566800714,"4":0.7974011898,"5":0.8213762641,"6":0.8406844735,"7":0.8566069007,"8":0.869418025,"9":0.8772876859},"true_positives":{"0":1841.0,"1":6064.0,"2":7560.0,"3":8269.0,"4":8714.0,"5":8976.0,"6":9187.0,"7":9361.0,"8":9501.0,"9":9587.0},"true_negatives":{"0":76286.0,"1":75894.0,"2":75779.0,"3":75760.0,"4":75765.0,"5":75792.0,"6":75816.0,"7":75838.0,"8":75874.0,"9":75890.0},"false_positives":{"0":210.0,"1":602.0,"2":717.0,"3":736.0,"4":731.0,"5":704.0,"6":680.0,"7":658.0,"8":622.0,"9":606.0},"false_negatives":{"0":9087.0,"1":4864.0,"2":3368.0,"3":2659.0,"4":2214.0,"5":1952.0,"6":1741.0,"7":1567.0,"8":1427.0,"9":1341.0},"val_loss":{"0":1.0037058592,"1":0.7226405144,"2":0.5907450914,"3":0.5111709833,"4":0.4534414709,"5":0.4180796444,"6":0.3840994537,"7":0.3622196615,"8":0.344084233,"9":0.3281171322},"val_accuracy":{"0":0.6970587969,"1":0.7893382311,"2":0.8238970637,"3":0.8426470757,"4":0.856985271,"5":0.8665441275,"6":0.8764705658,"7":0.8808823824,"8":0.8889706135,"9":0.8911764622},"val_auc":{"0":0.942769587,"1":0.968144238,"2":0.9777317047,"3":0.9825744629,"4":0.985887289,"5":0.9876770973,"6":0.9893736243,"7":0.9902746081,"8":0.9910450578,"9":0.9917808771},"val_precision":{"0":0.8880063295,"1":0.8887147307,"2":0.8992673755,"3":0.9063180685,"4":0.9151898623,"5":0.9166666865,"6":0.9184584022,"7":0.9228915572,"8":0.9246411324,"9":0.9258818626},"val_recall":{"0":0.4110293984,"1":0.6253676414,"2":0.7220588326,"3":0.7647058964,"4":0.7974264622,"5":0.8128676414,"6":0.8323529363,"7":0.8448529243,"8":0.852573514,"9":0.8588235378},"val_true_positives":{"0":1118.0,"1":1701.0,"2":1964.0,"3":2080.0,"4":2169.0,"5":2211.0,"6":2264.0,"7":2298.0,"8":2319.0,"9":2336.0},"val_true_negatives":{"0":18899.0,"1":18827.0,"2":18820.0,"3":18825.0,"4":18839.0,"5":18839.0,"6":18839.0,"7":18848.0,"8":18851.0,"9":18853.0},"val_false_positives":{"0":141.0,"1":213.0,"2":220.0,"3":215.0,"4":201.0,"5":201.0,"6":201.0,"7":192.0,"8":189.0,"9":187.0},"val_false_negatives":{"0":1602.0,"1":1019.0,"2":756.0,"3":640.0,"4":551.0,"5":509.0,"6":456.0,"7":422.0,"8":401.0,"9":384.0}}