{"loss":{"0":1.6335904598,"1":0.6192544699,"2":0.2152909189,"3":0.0993480906,"4":0.0595612377,"5":0.0413777456,"6":0.041533269,"7":0.0818388015,"8":0.1984329969,"9":0.076307267},"accuracy":{"0":0.4875000119,"1":0.8187500238,"2":0.9583333135,"3":0.9812499881,"4":0.9875000119,"5":0.9854166508,"6":0.9937499762,"7":0.9833333492,"8":0.9499999881,"9":0.9833333492},"auc":{"0":0.8348080516,"1":0.9832689166,"2":0.9990480542,"3":0.9982206225,"4":0.9998736978,"5":0.9999411702,"6":0.9999667406,"7":0.997333169,"8":0.9944705367,"9":0.9997791052},"precision":{"0":0.8086956739,"1":0.9449275136,"2":0.9863325953,"3":0.9873684049,"4":0.9874739051,"5":0.9854166508,"6":0.9937499762,"7":0.9853861928,"8":0.9658848643,"9":0.9873684049},"recall":{"0":0.193749994,"1":0.6791666746,"2":0.9020833373,"3":0.9770833254,"4":0.9854166508,"5":0.9854166508,"6":0.9937499762,"7":0.9833333492,"8":0.9437500238,"9":0.9770833254},"true_positives":{"0":93.0,"1":326.0,"2":433.0,"3":469.0,"4":473.0,"5":473.0,"6":477.0,"7":472.0,"8":453.0,"9":469.0},"true_negatives":{"0":4298.0,"1":4301.0,"2":4314.0,"3":4314.0,"4":4314.0,"5":4313.0,"6":4317.0,"7":4313.0,"8":4304.0,"9":4314.0},"false_positives":{"0":22.0,"1":19.0,"2":6.0,"3":6.0,"4":6.0,"5":7.0,"6":3.0,"7":7.0,"8":16.0,"9":6.0},"false_negatives":{"0":387.0,"1":154.0,"2":47.0,"3":11.0,"4":7.0,"5":7.0,"6":3.0,"7":8.0,"8":27.0,"9":11.0},"val_loss":{"0":2.5904717445,"1":2.9195837975,"2":2.8886427879,"3":3.1207709312,"4":3.1338508129,"5":3.0834882259,"6":3.31676054,"7":3.3425762653,"8":3.1927089691,"9":2.9381461143},"val_accuracy":{"0":0.0803571418,"1":0.0892857164,"2":0.0892857164,"3":0.1517857164,"4":0.0892857164,"5":0.0803571418,"6":0.1607142836,"7":0.1517857164,"8":0.0803571418,"9":0.0803571418},"val_auc":{"0":0.5468882918,"1":0.5239247084,"2":0.5396559238,"3":0.524602294,"4":0.4961247444,"5":0.4974711537,"6":0.5348462462,"7":0.5439121127,"8":0.5177995563,"9":0.524934411},"val_precision":{"0":0.0,"1":0.0,"2":0.0,"3":0.0,"4":0.0,"5":0.0,"6":0.0,"7":0.0,"8":0.0,"9":0.0},"val_recall":{"0":0.0,"1":0.0,"2":0.0,"3":0.0,"4":0.0,"5":0.0,"6":0.0,"7":0.0,"8":0.0,"9":0.0},"val_true_positives":{"0":0.0,"1":0.0,"2":0.0,"3":0.0,"4":0.0,"5":0.0,"6":0.0,"7":0.0,"8":0.0,"9":0.0},"val_true_negatives":{"0":1008.0,"1":1008.0,"2":1008.0,"3":1008.0,"4":1008.0,"5":1008.0,"6":1008.0,"7":1005.0,"8":1008.0,"9":1008.0},"val_false_positives":{"0":0.0,"1":0.0,"2":0.0,"3":0.0,"4":0.0,"5":0.0,"6":0.0,"7":3.0,"8":0.0,"9":0.0},"val_false_negatives":{"0":112.0,"1":112.0,"2":112.0,"3":112.0,"4":112.0,"5":112.0,"6":112.0,"7":112.0,"8":112.0,"9":112.0}}