{"source_image_loss":{"0":2.3518676758,"1":2.0467119217,"2":1.7645546198,"3":1.4352667332,"4":1.1932601929,"5":0.8760472536,"6":1.1344178915,"7":0.5057523847,"8":0.4426183105,"9":0.518859446},"source_accuracy":{"0":0.2145833373,"1":0.306250006,"2":0.3583333194,"3":0.5104166865,"4":0.6000000238,"5":0.7416666746,"6":0.6520833373,"7":0.8520833254,"8":0.8604166508,"9":0.8374999762},"source_domain_loss":{"0":1.8301874399,"1":0.5317820907,"2":0.0626452193,"3":0.0365173779,"4":0.0077080727,"5":0.0015075481,"6":0.0018309352,"7":0.0000203725,"8":0.0000087365,"9":0.0000047525},"target_domain_loss":{"0":0.6830558777,"1":3.0487864017,"2":3.0666482449,"3":3.0666482449,"4":3.0666482449,"5":3.0666482449,"6":3.0666482449,"7":3.0666482449,"8":3.0666482449,"9":3.0666482449}}