{"loss":{"0":0.9715368152,"1":0.4764861465,"2":0.362739563,"3":0.305921793,"4":0.2702771127,"5":0.2431416065,"6":0.223055765,"7":0.206730336,"8":0.1929697692,"9":0.1811170429},"accuracy":{"0":0.7101939917,"1":0.8560578227,"2":0.8861640096,"3":0.9030014873,"4":0.913433373,"5":0.9226756692,"6":0.92844069,"7":0.934297204,"8":0.9381405711,"9":0.9419838786},"auc":{"0":0.9438789487,"1":0.9866659641,"2":0.9916256666,"3":0.9937960505,"4":0.9949514866,"5":0.9958900213,"6":0.9964594245,"7":0.9969021082,"8":0.9973273873,"9":0.9976556301},"precision":{"0":0.9186342359,"1":0.9210440516,"2":0.9295033813,"3":0.9351952076,"4":0.939637661,"5":0.9441190362,"6":0.9480780363,"7":0.951372385,"8":0.9533213377,"9":0.9556436539},"recall":{"0":0.4628477395,"1":0.7749816775,"2":0.8409590125,"3":0.8702415824,"4":0.8874450922,"5":0.8997986913,"6":0.90730232,"7":0.916636169,"8":0.9232247472,"9":0.9266105294},"true_positives":{"0":5058.0,"1":8469.0,"2":9190.0,"3":9510.0,"4":9698.0,"5":9833.0,"6":9915.0,"7":10017.0,"8":10089.0,"9":10126.0},"true_negatives":{"0":76048.0,"1":75770.0,"2":75799.0,"3":75837.0,"4":75873.0,"5":75914.0,"6":75953.0,"7":75984.0,"8":76002.0,"9":76026.0},"false_positives":{"0":448.0,"1":726.0,"2":697.0,"3":659.0,"4":623.0,"5":582.0,"6":543.0,"7":512.0,"8":494.0,"9":470.0},"false_negatives":{"0":5870.0,"1":2459.0,"2":1738.0,"3":1418.0,"4":1230.0,"5":1095.0,"6":1013.0,"7":911.0,"8":839.0,"9":802.0},"val_loss":{"0":0.587507844,"1":0.4242655039,"2":0.362764746,"3":0.3253699839,"4":0.3038981855,"5":0.2869628072,"6":0.2770433128,"7":0.2637784481,"8":0.2572794855,"9":0.249687776},"val_accuracy":{"0":0.8272058964,"1":0.8702206016,"2":0.8856617808,"3":0.8952205777,"4":0.9011029601,"5":0.9084559083,"6":0.9077205658,"7":0.9139705896,"8":0.9136029482,"9":0.9158087969},"val_auc":{"0":0.9806152582,"1":0.9882581234,"2":0.9906927347,"3":0.9923484325,"4":0.9930515289,"5":0.9935585856,"6":0.9938598871,"7":0.9942824244,"8":0.9943093657,"9":0.9945233464},"val_precision":{"0":0.9226679802,"1":0.9281487465,"2":0.9305838943,"3":0.9367954731,"4":0.9358161688,"5":0.9379418492,"6":0.9374266863,"7":0.9381322861,"8":0.936968267,"9":0.9365628362},"val_recall":{"0":0.7018382549,"1":0.8073529601,"2":0.8378676176,"3":0.8555147052,"4":0.8683823347,"5":0.8779411912,"6":0.8812500238,"7":0.8863970637,"8":0.8908088207,"9":0.8955882192},"val_true_positives":{"0":1909.0,"1":2196.0,"2":2279.0,"3":2327.0,"4":2362.0,"5":2388.0,"6":2397.0,"7":2411.0,"8":2423.0,"9":2436.0},"val_true_negatives":{"0":18880.0,"1":18870.0,"2":18870.0,"3":18883.0,"4":18878.0,"5":18882.0,"6":18880.0,"7":18881.0,"8":18877.0,"9":18875.0},"val_false_positives":{"0":160.0,"1":170.0,"2":170.0,"3":157.0,"4":162.0,"5":158.0,"6":160.0,"7":159.0,"8":163.0,"9":165.0},"val_false_negatives":{"0":811.0,"1":524.0,"2":441.0,"3":393.0,"4":358.0,"5":332.0,"6":323.0,"7":309.0,"8":297.0,"9":284.0}}