{"loss":{"0":0.9408040047,"1":0.4106686711,"2":0.3081347942,"3":0.258728236,"4":0.2271763086,"5":0.2036918551,"6":0.1857416332,"7":0.1708023101,"8":0.1579107642,"9":0.1467713714},"accuracy":{"0":0.7316069007,"1":0.8824121356,"2":0.9054721594,"3":0.9180088043,"4":0.9269765615,"5":0.9338396788,"6":0.9393301606,"7":0.9449121356,"8":0.9494875669,"9":0.9534224272},"auc":{"0":0.9509627223,"1":0.9904870987,"2":0.9939997196,"3":0.9955829978,"4":0.9964498878,"5":0.9970665574,"6":0.9975098372,"7":0.9978879094,"8":0.9981635213,"9":0.9983869791},"precision":{"0":0.9396790266,"1":0.936427772,"2":0.9388564229,"3":0.9450976849,"4":0.9476560354,"5":0.9527843595,"6":0.9562701583,"7":0.9598754048,"8":0.9619325399,"9":0.9639580846},"recall":{"0":0.4661420286,"1":0.8141471744,"2":0.8669472933,"3":0.8900073171,"4":0.9045571089,"5":0.9159041047,"6":0.9224926829,"7":0.9303623438,"8":0.9364933968,"9":0.9422584176},"true_positives":{"0":5094.0,"1":8897.0,"2":9474.0,"3":9726.0,"4":9885.0,"5":10009.0,"6":10081.0,"7":10167.0,"8":10234.0,"9":10297.0},"true_negatives":{"0":76169.0,"1":75892.0,"2":75879.0,"3":75931.0,"4":75950.0,"5":76000.0,"6":76035.0,"7":76071.0,"8":76091.0,"9":76111.0},"false_positives":{"0":327.0,"1":604.0,"2":617.0,"3":565.0,"4":546.0,"5":496.0,"6":461.0,"7":425.0,"8":405.0,"9":385.0},"false_negatives":{"0":5834.0,"1":2031.0,"2":1454.0,"3":1202.0,"4":1043.0,"5":919.0,"6":847.0,"7":761.0,"8":694.0,"9":631.0},"val_loss":{"0":0.5228567123,"1":0.3671605587,"2":0.3087025285,"3":0.2747645974,"4":0.2536187172,"5":0.2386113554,"6":0.2255580425,"7":0.2178970277,"8":0.2104149759,"9":0.2038190216},"val_accuracy":{"0":0.8628676534,"1":0.8911764622,"2":0.9069852829,"3":0.9136029482,"4":0.9176470637,"5":0.9231617451,"6":0.9257352948,"7":0.9283088446,"8":0.9297794104,"9":0.9312499762},"val_auc":{"0":0.9857192636,"1":0.991389215,"2":0.9934210777,"3":0.9943606853,"4":0.9949920774,"5":0.9951458573,"6":0.9956511259,"7":0.995857358,"8":0.9959117174,"9":0.9960696697},"val_precision":{"0":0.9380974174,"1":0.9359183908,"2":0.9389615655,"3":0.9406018257,"4":0.9419504404,"5":0.9435049891,"6":0.9433601499,"7":0.942878902,"8":0.9437903762,"9":0.9472686052},"val_recall":{"0":0.7577205896,"1":0.8430147171,"2":0.8709558845,"3":0.8849264979,"4":0.8948529363,"5":0.9025735259,"6":0.90625,"7":0.9102941155,"8":0.9136029482,"9":0.9180147052},"val_true_positives":{"0":2061.0,"1":2293.0,"2":2369.0,"3":2407.0,"4":2434.0,"5":2455.0,"6":2465.0,"7":2476.0,"8":2485.0,"9":2497.0},"val_true_negatives":{"0":18904.0,"1":18883.0,"2":18886.0,"3":18888.0,"4":18890.0,"5":18893.0,"6":18892.0,"7":18890.0,"8":18892.0,"9":18901.0},"val_false_positives":{"0":136.0,"1":157.0,"2":154.0,"3":152.0,"4":150.0,"5":147.0,"6":148.0,"7":150.0,"8":148.0,"9":139.0},"val_false_negatives":{"0":659.0,"1":427.0,"2":351.0,"3":313.0,"4":286.0,"5":265.0,"6":255.0,"7":244.0,"8":235.0,"9":223.0}}