{"loss":{"0":0.6757927537,"1":0.2011574209,"2":0.1167957857,"3":0.1050444096,"4":0.0798535347,"5":0.0740849078,"6":0.0507921763,"7":0.0483769737,"8":0.0487593114,"9":0.0368798077},"accuracy":{"0":0.7690336704,"1":0.9374085069,"2":0.9641288519,"3":0.9685212374,"4":0.9745607376,"5":0.9770314693,"6":0.9844436049,"7":0.9855417013,"8":0.9842606187,"9":0.9877378941},"auc":{"0":0.9666822553,"1":0.9954728484,"2":0.9975355268,"3":0.997872889,"4":0.998670876,"5":0.9990263581,"6":0.9989450574,"7":0.9991429448,"8":0.9992832541,"9":0.9993998408},"precision":{"0":0.8737050295,"1":0.9471567273,"2":0.9676348567,"3":0.97127074,"4":0.9770178199,"5":0.9787761569,"6":0.9851526022,"7":0.9870606661,"8":0.9861416817,"9":0.9882719517},"recall":{"0":0.6868594289,"1":0.9267020226,"2":0.9602854848,"3":0.9652269483,"4":0.9725475907,"5":0.9748352766,"6":0.9836200476,"7":0.9842606187,"8":0.9832540154,"9":0.9870058298},"true_positives":{"0":7506.0,"1":10127.0,"2":10494.0,"3":10548.0,"4":10628.0,"5":10653.0,"6":10749.0,"7":10756.0,"8":10745.0,"9":10786.0},"true_negatives":{"0":75411.0,"1":75931.0,"2":76145.0,"3":76184.0,"4":76246.0,"5":76265.0,"6":76334.0,"7":76355.0,"8":76345.0,"9":76368.0},"false_positives":{"0":1085.0,"1":565.0,"2":351.0,"3":312.0,"4":250.0,"5":231.0,"6":162.0,"7":141.0,"8":151.0,"9":128.0},"false_negatives":{"0":3422.0,"1":801.0,"2":434.0,"3":380.0,"4":300.0,"5":275.0,"6":179.0,"7":172.0,"8":183.0,"9":142.0},"val_loss":{"0":0.28269732,"1":0.1497882456,"2":0.1200026199,"3":0.0847050026,"4":0.0571225211,"5":0.1332168579,"6":0.0894431174,"7":0.0705750585,"8":0.0764149353,"9":0.0668570772},"val_accuracy":{"0":0.9176470637,"1":0.946323514,"2":0.964338243,"3":0.9738970399,"4":0.9808823466,"5":0.9617646933,"6":0.9716911912,"7":0.9786764979,"8":0.9779411554,"9":0.9823529124},"val_auc":{"0":0.9913115501,"1":0.997669518,"2":0.997389257,"3":0.9984408617,"4":0.999384284,"5":0.9966552258,"6":0.9976719022,"7":0.9980151057,"8":0.9980487227,"9":0.9976882339},"val_precision":{"0":0.9252895117,"1":0.9545115829,"2":0.9660641551,"3":0.9752950072,"4":0.9837518334,"5":0.9645363688,"6":0.9727339745,"7":0.9793890119,"8":0.9786372185,"9":0.9830633402},"val_recall":{"0":0.910661757,"1":0.9411764741,"2":0.9628676176,"3":0.9724264741,"4":0.9794117808,"5":0.959926486,"6":0.9705882072,"7":0.9783087969,"8":0.9768382311,"9":0.9816176295},"val_true_positives":{"0":2477.0,"1":2560.0,"2":2619.0,"3":2645.0,"4":2664.0,"5":2611.0,"6":2640.0,"7":2661.0,"8":2657.0,"9":2670.0},"val_true_negatives":{"0":18840.0,"1":18918.0,"2":18948.0,"3":18973.0,"4":18996.0,"5":18944.0,"6":18966.0,"7":18984.0,"8":18982.0,"9":18994.0},"val_false_positives":{"0":200.0,"1":122.0,"2":92.0,"3":67.0,"4":44.0,"5":96.0,"6":74.0,"7":56.0,"8":58.0,"9":46.0},"val_false_negatives":{"0":243.0,"1":160.0,"2":101.0,"3":75.0,"4":56.0,"5":109.0,"6":80.0,"7":59.0,"8":63.0,"9":50.0}}