{"loss":{"0":2.0215694904,"1":1.0466353893,"2":0.4430688322},"accuracy":{"0":0.3520833254,"1":0.6979166865,"2":0.8666666746},"auc":{"0":0.7379058003,"1":0.9482264519,"2":0.9918453097},"precision":{"0":0.8421052694,"1":0.9377593398,"2":0.9744898081},"recall":{"0":0.0333333351,"1":0.4708333313,"2":0.7958333492},"true_positives":{"0":16.0,"1":226.0,"2":382.0},"true_negatives":{"0":4317.0,"1":4305.0,"2":4310.0},"false_positives":{"0":3.0,"1":15.0,"2":10.0},"false_negatives":{"0":464.0,"1":254.0,"2":98.0},"val_loss":{"0":1.8596131802,"1":1.7618703842,"2":1.4111728668},"val_accuracy":{"0":0.4642857015,"1":0.4732142985,"2":0.633928597},"val_auc":{"0":0.761027813,"1":0.8199979663,"2":0.876310885},"val_precision":{"0":0.7446808219,"1":0.6351351142,"2":0.7241379023},"val_recall":{"0":0.3125,"1":0.4196428657,"2":0.5625},"val_true_positives":{"0":35.0,"1":47.0,"2":63.0},"val_true_negatives":{"0":996.0,"1":981.0,"2":984.0},"val_false_positives":{"0":12.0,"1":27.0,"2":24.0},"val_false_negatives":{"0":77.0,"1":65.0,"2":49.0}}