{"loss":{"0":2.013907671,"1":1.0930030346,"2":0.4055428505,"3":0.1897456944,"4":0.1248678938,"5":0.0787097886,"6":0.1016323864,"7":0.0737339482,"8":0.0292177163,"9":0.0220713485},"accuracy":{"0":0.3145833313,"1":0.7208333611,"2":0.8854166865,"3":0.9624999762,"4":0.9666666389,"5":0.9833333492,"6":0.9791666865,"7":0.9812499881,"8":0.9916666746,"9":0.9958333373},"auc":{"0":0.7375154495,"1":0.9470338821,"2":0.9947357178,"3":0.9985858202,"4":0.999424696,"5":0.9997960329,"6":0.9980958104,"7":0.999781549,"8":0.9999848604,"9":0.9998698235},"precision":{"0":0.7948718071,"1":0.956730783,"2":0.9700000286,"3":0.9760869741,"4":0.9746299982,"5":0.9853249192,"6":0.9790794849,"7":0.9873949289,"8":0.9937369227,"9":0.9958333373},"recall":{"0":0.0645833313,"1":0.4145833254,"2":0.8083333373,"3":0.9354166389,"4":0.9604166746,"5":0.9791666865,"6":0.9750000238,"7":0.9791666865,"8":0.9916666746,"9":0.9958333373},"true_positives":{"0":31.0,"1":199.0,"2":388.0,"3":449.0,"4":461.0,"5":470.0,"6":468.0,"7":470.0,"8":476.0,"9":478.0},"true_negatives":{"0":4312.0,"1":4311.0,"2":4308.0,"3":4309.0,"4":4308.0,"5":4313.0,"6":4310.0,"7":4314.0,"8":4317.0,"9":4318.0},"false_positives":{"0":8.0,"1":9.0,"2":12.0,"3":11.0,"4":12.0,"5":7.0,"6":10.0,"7":6.0,"8":3.0,"9":2.0},"false_negatives":{"0":449.0,"1":281.0,"2":92.0,"3":31.0,"4":19.0,"5":10.0,"6":12.0,"7":10.0,"8":4.0,"9":2.0},"val_loss":{"0":1.9411953688,"1":2.0380899906,"2":1.4374523163,"3":1.2628017664,"4":1.1743611097,"5":1.0282770395,"6":1.2409487963,"7":1.1888282299,"8":0.7719165087,"9":0.9493505359},"val_accuracy":{"0":0.4553571343,"1":0.3035714328,"2":0.5625,"3":0.678571403,"4":0.696428597,"5":0.696428597,"6":0.6517857313,"7":0.678571403,"8":0.741071403,"9":0.7857142687},"val_auc":{"0":0.7485960722,"1":0.7712628841,"2":0.8819090128,"3":0.911250174,"4":0.9231681824,"5":0.9437932968,"6":0.9349933267,"7":0.9351481795,"8":0.9636657238,"9":0.9439306259},"val_precision":{"0":0.0,"1":0.5319148898,"2":0.6399999857,"3":0.7373737097,"4":0.74747473,"5":0.7326732874,"6":0.7029703259,"7":0.6952381134,"8":0.7735849023,"9":0.8095238209},"val_recall":{"0":0.0,"1":0.2232142836,"2":0.4285714328,"3":0.6517857313,"4":0.6607142687,"5":0.6607142687,"6":0.633928597,"7":0.6517857313,"8":0.7321428657,"9":0.758928597},"val_true_positives":{"0":0.0,"1":25.0,"2":48.0,"3":73.0,"4":74.0,"5":74.0,"6":71.0,"7":73.0,"8":82.0,"9":85.0},"val_true_negatives":{"0":1008.0,"1":986.0,"2":981.0,"3":982.0,"4":983.0,"5":981.0,"6":978.0,"7":976.0,"8":984.0,"9":988.0},"val_false_positives":{"0":0.0,"1":22.0,"2":27.0,"3":26.0,"4":25.0,"5":27.0,"6":30.0,"7":32.0,"8":24.0,"9":20.0},"val_false_negatives":{"0":112.0,"1":87.0,"2":64.0,"3":39.0,"4":38.0,"5":38.0,"6":41.0,"7":39.0,"8":30.0,"9":27.0}}