{"loss":{"0":2.1531472206,"1":1.9355279207,"2":1.7495120764,"3":1.5403646231,"4":1.22701478,"5":1.0849304199,"6":0.9366673231,"7":0.7957607508,"8":0.7735186219,"9":0.6648799777},"accuracy":{"0":0.212500006,"1":0.2791666687,"2":0.368750006,"3":0.4666666687,"4":0.5833333135,"5":0.6354166865,"6":0.6916666627,"7":0.7270833254,"8":0.7479166389,"9":0.7729166746},"auc":{"0":0.6672084332,"1":0.7623369694,"2":0.8171773553,"3":0.8651735783,"4":0.9170300364,"5":0.9322400689,"6":0.9476793408,"7":0.9632217288,"8":0.9642055631,"9":0.9733014107},"precision":{"0":0.75,"1":0.6097561121,"2":0.6363636255,"3":0.6666666865,"4":0.7171314955,"5":0.7310126424,"6":0.7759103775,"7":0.8065395355,"8":0.8196286559,"9":0.8440594077},"recall":{"0":0.0062500001,"1":0.0520833321,"2":0.1020833328,"3":0.1708333343,"4":0.375,"5":0.4812499881,"6":0.5770833492,"7":0.6166666746,"8":0.6437500119,"9":0.7104166746},"true_positives":{"0":3.0,"1":25.0,"2":49.0,"3":82.0,"4":180.0,"5":231.0,"6":277.0,"7":296.0,"8":309.0,"9":341.0},"true_negatives":{"0":4319.0,"1":4304.0,"2":4292.0,"3":4279.0,"4":4249.0,"5":4235.0,"6":4240.0,"7":4249.0,"8":4252.0,"9":4257.0},"false_positives":{"0":1.0,"1":16.0,"2":28.0,"3":41.0,"4":71.0,"5":85.0,"6":80.0,"7":71.0,"8":68.0,"9":63.0},"false_negatives":{"0":477.0,"1":455.0,"2":431.0,"3":398.0,"4":300.0,"5":249.0,"6":203.0,"7":184.0,"8":171.0,"9":139.0},"val_loss":{"0":1.9265569448,"1":1.9375751019,"2":1.7692005634,"3":1.3825232983,"4":1.56625247,"5":1.2442330122,"6":1.2371447086,"7":1.219419241,"8":1.5299022198,"9":1.0571222305},"val_accuracy":{"0":0.3482142985,"1":0.3214285672,"2":0.4017857015,"3":0.5267857313,"4":0.4910714328,"5":0.5446428657,"6":0.5982142687,"7":0.5625,"8":0.4821428657,"9":0.6428571343},"val_auc":{"0":0.7779239416,"1":0.7496014237,"2":0.8006439805,"3":0.8851642609,"4":0.8644549251,"5":0.9087833166,"6":0.9058469534,"7":0.9194081426,"8":0.885474205,"9":0.9361048341},"val_precision":{"0":0.0,"1":1.0,"2":0.8000000119,"3":0.7799999714,"4":0.6000000238,"5":0.7424242496,"6":0.7205882072,"7":0.6627907157,"8":0.5595238209,"9":0.7727272511},"val_recall":{"0":0.0,"1":0.0089285718,"2":0.1428571492,"3":0.3482142985,"4":0.4285714328,"5":0.4375,"6":0.4375,"7":0.508928597,"8":0.4196428657,"9":0.6071428657},"val_true_positives":{"0":0.0,"1":1.0,"2":16.0,"3":39.0,"4":48.0,"5":49.0,"6":49.0,"7":57.0,"8":47.0,"9":68.0},"val_true_negatives":{"0":1007.0,"1":1008.0,"2":1004.0,"3":997.0,"4":976.0,"5":991.0,"6":989.0,"7":979.0,"8":971.0,"9":988.0},"val_false_positives":{"0":1.0,"1":0.0,"2":4.0,"3":11.0,"4":32.0,"5":17.0,"6":19.0,"7":29.0,"8":37.0,"9":20.0},"val_false_negatives":{"0":112.0,"1":111.0,"2":96.0,"3":73.0,"4":64.0,"5":63.0,"6":63.0,"7":55.0,"8":65.0,"9":44.0}}