{"loss":{"0":2.0150763988},"accuracy":{"0":0.1943631023},"auc":{"0":0.6167140007},"precision":{"0":0.1875},"recall":{"0":0.0002745242},"true_positives":{"0":3.0},"true_negatives":{"0":76483.0},"false_positives":{"0":13.0},"false_negatives":{"0":10925.0},"val_loss":{"0":1.9818829298},"val_accuracy":{"0":0.193749994},"val_auc":{"0":0.6516205072},"val_precision":{"0":0.0},"val_recall":{"0":0.0},"val_true_positives":{"0":0.0},"val_true_negatives":{"0":19040.0},"val_false_positives":{"0":0.0},"val_false_negatives":{"0":2720.0}}