{"loss":{"0":1.4809404612,"1":0.9064761996},"accuracy":{"0":0.5000914931,"1":0.7334370613},"auc":{"0":0.8530261517,"1":0.956394136},"precision":{"0":0.8853948116,"1":0.9120957851},"recall":{"0":0.1159407049,"1":0.467148602},"true_positives":{"0":1267.0,"1":5105.0},"true_negatives":{"0":76332.0,"1":76004.0},"false_positives":{"0":164.0,"1":492.0},"false_negatives":{"0":9661.0,"1":5823.0},"val_loss":{"0":1.1056944132,"1":0.7845499516},"val_accuracy":{"0":0.6856617928,"1":0.7875000238},"val_auc":{"0":0.9397637248,"1":0.9684019685},"val_precision":{"0":0.9227052927,"1":0.9299442172},"val_recall":{"0":0.2808823586,"1":0.5514705777},"val_true_positives":{"0":764.0,"1":1500.0},"val_true_negatives":{"0":18976.0,"1":18927.0},"val_false_positives":{"0":64.0,"1":113.0},"val_false_negatives":{"0":1956.0,"1":1220.0}}