{"loss":{"0":0.2286945581,"1":0.0662350804,"2":0.0571663603,"3":0.0364843942,"4":0.0564296655,"5":0.0338887461,"6":0.0243207123,"7":0.0318066366,"8":0.0261501148,"9":0.0258303005},"accuracy":{"0":0.9336137772,"1":0.9815288782,"2":0.9841806889,"3":0.9899414778,"4":0.9850950837,"5":0.9914959669,"6":0.9935076833,"7":0.991678834,"8":0.9938734174,"9":0.9935076833},"auc":{"0":0.9940072298,"1":0.998437345,"2":0.9986905456,"3":0.9993664622,"4":0.9987823963,"5":0.9991812706,"6":0.9994071126,"7":0.9993790984,"8":0.9993520975,"9":0.9994458556},"precision":{"0":0.9547277689,"1":0.9824931026,"2":0.9856933355,"3":0.9908399582,"4":0.9870452285,"5":0.9920351505,"6":0.9939599037,"7":0.9920307994,"8":0.994050324,"9":0.9938684106},"recall":{"0":0.9140453339,"1":0.9801572561,"2":0.9828090668,"3":0.9891185164,"4":0.9823518395,"5":0.9908558726,"6":0.9931418896,"7":0.9903072715,"8":0.993050456,"9":0.993050456},"true_positives":{"0":9996.0,"1":10719.0,"2":10748.0,"3":10817.0,"4":10743.0,"5":10836.0,"6":10861.0,"7":10830.0,"8":10860.0,"9":10860.0},"true_negatives":{"0":76078.0,"1":76361.0,"2":76396.0,"3":76452.0,"4":76411.0,"5":76465.0,"6":76486.0,"7":76465.0,"8":76487.0,"9":76485.0},"false_positives":{"0":474.0,"1":191.0,"2":156.0,"3":100.0,"4":141.0,"5":87.0,"6":66.0,"7":87.0,"8":65.0,"9":67.0},"false_negatives":{"0":940.0,"1":217.0,"2":188.0,"3":119.0,"4":193.0,"5":100.0,"6":75.0,"7":106.0,"8":76.0,"9":76.0},"val_loss":{"0":0.3255946338,"1":1.0205658674,"2":1.7078183889,"3":1.4778264761,"4":0.4142971039,"5":0.1652354747,"6":0.241974324,"7":0.4131870568,"8":1.3330667019,"9":0.2514449954},"val_accuracy":{"0":0.9101906419,"1":0.8185483813,"2":0.8339442611,"3":0.8878298998,"4":0.9167888761,"5":0.9662756324,"6":0.9413489699,"7":0.9340175986,"8":0.87756598,"9":0.9618768096},"val_auc":{"0":0.9880546331,"1":0.9470312595,"2":0.9363690615,"3":0.9615269303,"4":0.9805948734,"5":0.9930751324,"6":0.9920732975,"7":0.9834619164,"8":0.9561238289,"9":0.9885520935},"val_precision":{"0":0.9166048765,"1":0.821428597,"2":0.8348050117,"3":0.8883584142,"4":0.9281191826,"5":0.9669603705,"6":0.9483463168,"7":0.9373849034,"8":0.8804267645,"9":0.9625688195},"val_recall":{"0":0.9065249562,"1":0.8178152442,"2":0.8317448497,"3":0.8867301941,"4":0.913489759,"5":0.9655424953,"6":0.9354838729,"7":0.9329178929,"8":0.8771994114,"9":0.961510241},"val_true_positives":{"0":2473.0,"1":2231.0,"2":2269.0,"3":2419.0,"4":2492.0,"5":2634.0,"6":2552.0,"7":2545.0,"8":2393.0,"9":2623.0},"val_true_negatives":{"0":18871.0,"1":18611.0,"2":18647.0,"3":18792.0,"4":18903.0,"5":19006.0,"6":18957.0,"7":18926.0,"8":18771.0,"9":18994.0},"val_false_positives":{"0":225.0,"1":485.0,"2":449.0,"3":304.0,"4":193.0,"5":90.0,"6":139.0,"7":170.0,"8":325.0,"9":102.0},"val_false_negatives":{"0":255.0,"1":497.0,"2":459.0,"3":309.0,"4":236.0,"5":94.0,"6":176.0,"7":183.0,"8":335.0,"9":105.0}}