{"loss":{"0":0.9901537895,"1":0.5254440904,"2":0.4092825949,"3":0.3463606834,"4":0.3057026565,"5":0.2751937211,"6":0.2515457273,"7":0.2317796201,"8":0.2148640305,"9":0.1999467015},"accuracy":{"0":0.6921669245,"1":0.8367496133,"2":0.8714311719,"3":0.8918374777,"4":0.90519768,"5":0.913707912,"6":0.9226756692,"7":0.9294472933,"8":0.934846282,"9":0.9390556216},"auc":{"0":0.9399877787,"1":0.9829873443,"2":0.9890905023,"3":0.9919321537,"4":0.9935539365,"5":0.9946038723,"6":0.9954205155,"7":0.9961174726,"8":0.9966202974,"9":0.9970545769},"precision":{"0":0.9169011712,"1":0.9158805013,"2":0.9220778942,"3":0.9294955134,"4":0.934315145,"5":0.9408513308,"6":0.9459199309,"7":0.9494264126,"8":0.9535836577,"9":0.955932498},"recall":{"0":0.4472913742,"1":0.7462481856,"2":0.8121339679,"3":0.8480966091,"4":0.8707906008,"5":0.8879026175,"6":0.8995241523,"7":0.9087664485,"8":0.9155380726,"9":0.9230417013},"true_positives":{"0":4888.0,"1":8155.0,"2":8875.0,"3":9268.0,"4":9516.0,"5":9703.0,"6":9830.0,"7":9931.0,"8":10005.0,"9":10087.0},"true_negatives":{"0":76053.0,"1":75747.0,"2":75746.0,"3":75793.0,"4":75827.0,"5":75886.0,"6":75934.0,"7":75967.0,"8":76009.0,"9":76031.0},"false_positives":{"0":443.0,"1":749.0,"2":750.0,"3":703.0,"4":669.0,"5":610.0,"6":562.0,"7":529.0,"8":487.0,"9":465.0},"false_negatives":{"0":6040.0,"1":2773.0,"2":2053.0,"3":1660.0,"4":1412.0,"5":1225.0,"6":1098.0,"7":997.0,"8":923.0,"9":841.0},"val_loss":{"0":0.6445424557,"1":0.4786449075,"2":0.4091179371,"3":0.3635540903,"4":0.333984077,"5":0.3125768006,"6":0.2969686091,"7":0.2832914591,"8":0.2737331986,"9":0.2647376657},"val_accuracy":{"0":0.7941176295,"1":0.8419117928,"2":0.8694853187,"3":0.8834558725,"4":0.8944852948,"5":0.9040440917,"6":0.9099264741,"7":0.9172794223,"8":0.919485271,"9":0.9231617451},"val_auc":{"0":0.9760167003,"1":0.985514164,"2":0.988499403,"3":0.9904892445,"4":0.991558373,"5":0.9922227263,"6":0.9927734137,"7":0.9930289984,"8":0.9933824539,"9":0.9937397242},"val_precision":{"0":0.9075673223,"1":0.9085788727,"2":0.9143920541,"3":0.9208316803,"4":0.9284862876,"5":0.9313994646,"6":0.9297633171,"7":0.9373065233,"8":0.9383667111,"9":0.941470921},"val_recall":{"0":0.6569852829,"1":0.7709558606,"2":0.8128676414,"3":0.8466911912,"4":0.8591911793,"5":0.8735294342,"6":0.8808823824,"7":0.8904411793,"8":0.8955882192,"9":0.8988970518},"val_true_positives":{"0":1787.0,"1":2097.0,"2":2211.0,"3":2303.0,"4":2337.0,"5":2376.0,"6":2396.0,"7":2422.0,"8":2436.0,"9":2445.0},"val_true_negatives":{"0":18858.0,"1":18829.0,"2":18833.0,"3":18842.0,"4":18860.0,"5":18865.0,"6":18859.0,"7":18878.0,"8":18880.0,"9":18888.0},"val_false_positives":{"0":182.0,"1":211.0,"2":207.0,"3":198.0,"4":180.0,"5":175.0,"6":181.0,"7":162.0,"8":160.0,"9":152.0},"val_false_negatives":{"0":933.0,"1":623.0,"2":509.0,"3":417.0,"4":383.0,"5":344.0,"6":324.0,"7":298.0,"8":284.0,"9":275.0}}