{"loss":{"0":1.888495326,"1":1.591561079,"2":1.3208969831,"3":1.1253601313,"4":0.9879471064,"5":0.8863845468,"6":0.8085436225,"7":0.7453035712,"8":0.6926497221,"9":0.6480228305},"accuracy":{"0":0.3252196312,"1":0.5204063058,"2":0.5748535991,"3":0.6323206425,"4":0.6818264723,"5":0.7211749554,"6":0.753477335,"7":0.7746156454,"8":0.7927342653,"9":0.8071925044},"auc":{"0":0.7146288157,"1":0.8408429027,"2":0.8988662958,"3":0.9292306304,"4":0.9450225234,"5":0.9550536871,"6":0.9619280696,"7":0.9671512842,"8":0.9711911082,"9":0.9743586183},"precision":{"0":0.0,"1":0.9510204196,"2":0.9182808995,"3":0.9085597396,"4":0.8999596834,"5":0.8962248564,"6":0.8936949968,"7":0.8932811618,"8":0.8965781331,"9":0.9001594782},"recall":{"0":0.0,"1":0.0213213768,"2":0.1388177127,"3":0.2845900357,"4":0.4083089232,"5":0.4931368828,"6":0.5577415824,"7":0.6058748364,"8":0.6425695419,"9":0.6715775728},"true_positives":{"0":0.0,"1":233.0,"2":1517.0,"3":3110.0,"4":4462.0,"5":5389.0,"6":6095.0,"7":6621.0,"8":7022.0,"9":7339.0},"true_negatives":{"0":76496.0,"1":76484.0,"2":76361.0,"3":76183.0,"4":76000.0,"5":75872.0,"6":75771.0,"7":75705.0,"8":75686.0,"9":75682.0},"false_positives":{"0":0.0,"1":12.0,"2":135.0,"3":313.0,"4":496.0,"5":624.0,"6":725.0,"7":791.0,"8":810.0,"9":814.0},"false_negatives":{"0":10928.0,"1":10695.0,"2":9411.0,"3":7818.0,"4":6466.0,"5":5539.0,"6":4833.0,"7":4307.0,"8":3906.0,"9":3589.0},"val_loss":{"0":1.7652626038,"1":1.4667140245,"2":1.2308954,"3":1.0665837526,"4":0.9510966539,"5":0.8634215593,"6":0.794852674,"7":0.7387853265,"8":0.690849185,"9":0.6503334641},"val_accuracy":{"0":0.4827205837,"1":0.5386029482,"2":0.5845588446,"3":0.6386029124,"4":0.6871323586,"5":0.7220588326,"6":0.75,"7":0.768014729,"8":0.7827205658,"9":0.799264729},"val_auc":{"0":0.7900471091,"1":0.8682870865,"2":0.9145171046,"3":0.9360833764,"4":0.9481853843,"5":0.9561735392,"6":0.9618071914,"7":0.9663733244,"8":0.9699651599,"9":0.9729240537},"val_precision":{"0":0.0,"1":0.8965517282,"2":0.8707037568,"3":0.8741594553,"4":0.8715728521,"5":0.8772252798,"6":0.8746502399,"7":0.8789144158,"8":0.8842685223,"9":0.8851351142},"val_recall":{"0":0.0,"1":0.095588237,"2":0.1955882311,"3":0.3345588148,"4":0.4441176355,"5":0.5253676176,"6":0.5746323466,"7":0.6191176176,"8":0.6488970518,"9":0.674264729},"val_true_positives":{"0":0.0,"1":260.0,"2":532.0,"3":910.0,"4":1208.0,"5":1429.0,"6":1563.0,"7":1684.0,"8":1765.0,"9":1834.0},"val_true_negatives":{"0":19040.0,"1":19010.0,"2":18961.0,"3":18909.0,"4":18862.0,"5":18840.0,"6":18816.0,"7":18808.0,"8":18809.0,"9":18802.0},"val_false_positives":{"0":0.0,"1":30.0,"2":79.0,"3":131.0,"4":178.0,"5":200.0,"6":224.0,"7":232.0,"8":231.0,"9":238.0},"val_false_negatives":{"0":2720.0,"1":2460.0,"2":2188.0,"3":1810.0,"4":1512.0,"5":1291.0,"6":1157.0,"7":1036.0,"8":955.0,"9":886.0}}