{"loss":{"0":1.0206525326,"1":0.5269514322},"accuracy":{"0":0.6854867935,"1":0.8440702558},"auc":{"0":0.935698688,"1":0.98295784},"precision":{"0":0.9217512012,"1":0.9213229418},"recall":{"0":0.425786972,"1":0.7468886971},"true_positives":{"0":4653.0,"1":8162.0},"true_negatives":{"0":76101.0,"1":75799.0},"false_positives":{"0":395.0,"1":697.0},"false_negatives":{"0":6275.0,"1":2766.0},"val_loss":{"0":0.6545365453,"1":0.4749374986},"val_accuracy":{"0":0.7970588207,"1":0.8441176414},"val_auc":{"0":0.9760320783,"1":0.9862973094},"val_precision":{"0":0.895319581,"1":0.9079965353},"val_recall":{"0":0.6540440917,"1":0.7764706016},"val_true_positives":{"0":1779.0,"1":2112.0},"val_true_negatives":{"0":18832.0,"1":18826.0},"val_false_positives":{"0":208.0,"1":214.0},"val_false_negatives":{"0":941.0,"1":608.0}}