{"loss":{"0":1.1977157593,"1":0.4495788217,"2":0.292212069,"3":0.224556163,"4":0.2020124197,"5":0.1568981707,"6":0.1273821741,"7":0.1252416074,"8":0.0994169787,"9":0.0939454883,"10":0.0967387334,"11":0.0910217911,"12":0.0524598658,"13":0.0459911637,"14":0.0445720553,"15":0.0422711335,"16":0.0408250168,"17":0.039381437,"18":0.0390286222,"19":0.0390674919,"20":0.0389910378,"21":0.0387178622,"22":0.0385131687,"23":0.0384839177,"24":0.0385215245,"25":0.0386144109,"26":0.0385696553,"27":0.037849281,"28":0.0383468196,"29":0.0382969454,"30":0.0385096893,"31":0.0386558734,"32":0.0390755981,"33":0.038047947,"34":0.0379082263,"35":0.0382074118,"36":0.0384307578,"37":0.0383850783,"38":0.038258981,"39":0.0383216627,"40":0.0388081595,"41":0.0384700634,"42":0.0380675346,"43":0.0384119898,"44":0.0384129807,"45":0.0384415202,"46":0.0389493778,"47":0.0382677168,"48":0.0389700085,"49":0.0379325077,"50":0.038225159,"51":0.038374085,"52":0.0384355187,"53":0.0383705236,"54":0.0389772207,"55":0.0385545604,"56":0.0383062623,"57":0.0380548686,"58":0.0385265499,"59":0.0382787399,"60":0.0380931012,"61":0.0388256535,"62":0.0378770232,"63":0.0384055413,"64":0.0384831354,"65":0.0382944718,"66":0.0381131545,"67":0.0388209745,"68":0.0385336578,"69":0.0378660113,"70":0.0388568118,"71":0.0384246446,"72":0.0378313586,"73":0.0384510793,"74":0.0380619653,"75":0.0381641127,"76":0.0387459025,"77":0.0386405699,"78":0.0387271233,"79":0.0377972685,"80":0.0379117616,"81":0.03796589,"82":0.0385523736,"83":0.0390680097,"84":0.0387270115,"85":0.0385908633,"86":0.0377814025,"87":0.0386691466,"88":0.0388275795,"89":0.038262181,"90":0.0388383307,"91":0.038113378,"92":0.0379906371,"93":0.0379921719,"94":0.0383031629,"95":0.03878491,"96":0.0391486697,"97":0.0379346535,"98":0.0385862514,"99":0.0382037908},"accuracy":{"0":0.5764782429,"1":0.8552956581,"2":0.9087719321,"3":0.9341130853,"4":0.9418453574,"5":0.9564652443,"6":0.9679012299,"7":0.968421042,"8":0.9779077172,"9":0.9782975912,"10":0.9778427482,"11":0.9786874652,"12":0.9944769144,"13":0.9966211915,"14":0.9972709417,"15":0.9975958467,"16":0.9978557229,"17":0.9985705018,"18":0.9985055327,"19":0.998765409,"20":0.9984405637,"21":0.9986354709,"22":0.9985055327,"23":0.9986354709,"24":0.998765409,"25":0.9988304377,"26":0.9983755946,"27":0.9988304377,"28":0.9988304377,"29":0.9987004399,"30":0.9986354709,"31":0.9985705018,"32":0.9988304377,"33":0.9990903139,"34":0.9990903139,"35":0.9990903139,"36":0.9990253448,"37":0.9988954067,"38":0.9989603758,"39":0.9989603758,"40":0.9985705018,"41":0.9988954067,"42":0.9990903139,"43":0.9990253448,"44":0.9988304377,"45":0.9988304377,"46":0.9988954067,"47":0.9988954067,"48":0.9985705018,"49":0.9990903139,"50":0.998765409,"51":0.9990903139,"52":0.9986354709,"53":0.9988304377,"54":0.9985055327,"55":0.998765409,"56":0.999155283,"57":0.9988954067,"58":0.998765409,"59":0.9990253448,"60":0.999220252,"61":0.9983755946,"62":0.999220252,"63":0.9989603758,"64":0.9988954067,"65":0.9990903139,"66":0.9987004399,"67":0.9988304377,"68":0.9989603758,"69":0.9990903139,"70":0.9983755946,"71":0.9989603758,"72":0.999155283,"73":0.9988954067,"74":0.9989603758,"75":0.9990253448,"76":0.9987004399,"77":0.9987004399,"78":0.9984405637,"79":0.9988954067,"80":0.9990903139,"81":0.999220252,"82":0.9987004399,"83":0.9983105659,"84":0.998765409,"85":0.9984405637,"86":0.999155283,"87":0.9986354709,"88":0.9988304377,"89":0.9990253448,"90":0.9985705018,"91":0.9990253448,"92":0.9988954067,"93":0.9992852211,"94":0.9988954067,"95":0.9985705018,"96":0.9983755946,"97":0.999220252,"98":0.9988954067,"99":0.9990253448},"val_loss":{"0":0.7093856335,"1":0.4205309451,"2":0.3676165044,"3":0.2883605063,"4":0.270994544,"5":0.2460402697,"6":0.2447951138,"7":0.2266665995,"8":0.2727862,"9":0.2640402019,"10":0.3005636632,"11":0.2660557926,"12":0.2203720808,"13":0.2243230343,"14":0.2346283942,"15":0.2355914265,"16":0.2390503436,"17":0.2385650277,"18":0.2395170927,"19":0.2434185445,"20":0.2454193532,"21":0.245495528,"22":0.2453476638,"23":0.2452985942,"24":0.2459816039,"25":0.2459026426,"26":0.2457948029,"27":0.245770514,"28":0.245942995,"29":0.2459461987,"30":0.2453567833,"31":0.2459503859,"32":0.2459475547,"33":0.2449245453,"34":0.245947659,"35":0.2459476739,"36":0.2459475696,"37":0.2459476441,"38":0.245947659,"39":0.2459476441,"40":0.2459475994,"41":0.2459476441,"42":0.2459475845,"43":0.2459446639,"44":0.2459329069,"45":0.2459476441,"46":0.2459474802,"47":0.245947659,"48":0.2459212095,"49":0.2459473759,"50":0.2459476739,"51":0.2459476441,"52":0.2459474206,"53":0.2459476441,"54":0.2440949678,"55":0.2438577563,"56":0.2459476441,"57":0.245947659,"58":0.2459476441,"59":0.2459459305,"60":0.2457425296,"61":0.2459476441,"62":0.2453131527,"63":0.2459476441,"64":0.2459476441,"65":0.2459476739,"66":0.2459474206,"67":0.2459475547,"68":0.2457395196,"69":0.2459476292,"70":0.2459476441,"71":0.245947659,"72":0.245947659,"73":0.245947659,"74":0.245947361,"75":0.2458717078,"76":0.2459476441,"77":0.245947659,"78":0.2459476441,"79":0.2459461391,"80":0.2459475994,"81":0.2459470779,"82":0.2459236681,"83":0.2459456325,"84":0.245947659,"85":0.2459017038,"86":0.245947659,"87":0.2458952963,"88":0.2459476441,"89":0.245947659,"90":0.245947659,"91":0.245947659,"92":0.2459476441,"93":0.2459476441,"94":0.2459476292,"95":0.2459475696,"96":0.245947659,"97":0.2459476441,"98":0.2458635569,"99":0.2428864986},"val_accuracy":{"0":0.7567901015,"1":0.8580247164,"2":0.8827160597,"3":0.9197530746,"4":0.9308642149,"5":0.9432098866,"6":0.9432098866,"7":0.9567901492,"8":0.9493827224,"9":0.9555555582,"10":0.9296296239,"11":0.9518518448,"12":0.961728394,"13":0.962962985,"14":0.961728394,"15":0.961728394,"16":0.962962985,"17":0.961728394,"18":0.960493803,"19":0.960493803,"20":0.960493803,"21":0.9592592716,"22":0.9592592716,"23":0.9592592716,"24":0.9592592716,"25":0.9592592716,"26":0.9592592716,"27":0.9592592716,"28":0.9592592716,"29":0.9592592716,"30":0.9592592716,"31":0.9592592716,"32":0.9592592716,"33":0.960493803,"34":0.9592592716,"35":0.9592592716,"36":0.9592592716,"37":0.9592592716,"38":0.9592592716,"39":0.9592592716,"40":0.9592592716,"41":0.9592592716,"42":0.9592592716,"43":0.9592592716,"44":0.9592592716,"45":0.9592592716,"46":0.9592592716,"47":0.9592592716,"48":0.9592592716,"49":0.9592592716,"50":0.9592592716,"51":0.9592592716,"52":0.9592592716,"53":0.9592592716,"54":0.960493803,"55":0.960493803,"56":0.9592592716,"57":0.9592592716,"58":0.9592592716,"59":0.9592592716,"60":0.9592592716,"61":0.9592592716,"62":0.9592592716,"63":0.9592592716,"64":0.9592592716,"65":0.9592592716,"66":0.9592592716,"67":0.9592592716,"68":0.9592592716,"69":0.9592592716,"70":0.9592592716,"71":0.9592592716,"72":0.9592592716,"73":0.9592592716,"74":0.9592592716,"75":0.9592592716,"76":0.9592592716,"77":0.9592592716,"78":0.9592592716,"79":0.9592592716,"80":0.9592592716,"81":0.9592592716,"82":0.9592592716,"83":0.9592592716,"84":0.9592592716,"85":0.9592592716,"86":0.9592592716,"87":0.9592592716,"88":0.9592592716,"89":0.9592592716,"90":0.9592592716,"91":0.9592592716,"92":0.9592592716,"93":0.9592592716,"94":0.9592592716,"95":0.9592592716,"96":0.9592592716,"97":0.9592592716,"98":0.9592592716,"99":0.960493803},"lr":{"0":0.001,"1":0.001,"2":0.001,"3":0.001,"4":0.001,"5":0.001,"6":0.001,"7":0.001,"8":0.001,"9":0.001,"10":0.001,"11":0.001,"12":0.0001,"13":0.0001,"14":0.0001,"15":0.0001,"16":0.0001,"17":0.00001,"18":0.00001,"19":0.00001,"20":0.00001,"21":0.000001,"22":0.000001,"23":0.000001,"24":0.000001,"25":0.0000001,"26":0.0000001,"27":0.0000001,"28":0.0000001,"29":0.00000001,"30":0.00000001,"31":0.00000001,"32":0.00000001,"33":0.000000001,"34":0.000000001,"35":0.000000001,"36":0.000000001,"37":0.0000000001,"38":0.0000000001,"39":0.0000000001,"40":0.0000000001,"41":0.0,"42":0.0,"43":0.0,"44":0.0,"45":0.0,"46":0.0,"47":0.0,"48":0.0,"49":0.0,"50":0.0,"51":0.0,"52":0.0,"53":0.0,"54":0.0,"55":0.0,"56":0.0,"57":0.0,"58":0.0,"59":0.0,"60":0.0,"61":1.000000083e-16,"62":1.000000083e-16,"63":1.000000083e-16,"64":1.000000083e-16,"65":1.000000066e-17,