{"loss":{"0":1.3461431265,"1":0.6267504096,"2":0.4135994017,"3":0.2969979644,"4":0.2387731522,"5":0.2063994408,"6":0.1689309776,"7":0.1549810469,"8":0.139792636,"9":0.124000296,"10":0.1152735427,"11":0.0984596685,"12":0.0987077579,"13":0.0627619401,"14":0.0545291454,"15":0.0520766489,"16":0.0493971258,"17":0.0488139577,"18":0.0480939858,"19":0.0479558967,"20":0.0483391769,"21":0.0469766296,"22":0.0477164984,"23":0.0472654328,"24":0.0471998565,"25":0.046577096,"26":0.0465099737,"27":0.0463940911,"28":0.0461793579,"29":0.046705313,"30":0.0461166613,"31":0.04725568,"32":0.0473499969,"33":0.0461333133,"34":0.045995675,"35":0.0468774922,"36":0.0469596311,"37":0.0455294214,"38":0.0474179871,"39":0.0459281355,"40":0.0462966226,"41":0.0467827544,"42":0.0469719134,"43":0.0467835441,"44":0.0470464341,"45":0.0470211506,"46":0.0466019996,"47":0.0474680476,"48":0.0461784601,"49":0.0470881835,"50":0.0459174104,"51":0.0454669371,"52":0.046981141,"53":0.0470047593,"54":0.0458617397,"55":0.0468128398,"56":0.046325095,"57":0.0471400283,"58":0.0462971479,"59":0.046473451,"60":0.046437718,"61":0.0471401624,"62":0.0459801294,"63":0.0464521721,"64":0.0462609008,"65":0.045367375,"66":0.0460829474,"67":0.0470595099,"68":0.0466981567,"69":0.0454715639,"70":0.0476968251,"71":0.0465289764,"72":0.0467137285,"73":0.0462533198,"74":0.0462366343,"75":0.0462288447,"76":0.0465702638,"77":0.047721725,"78":0.0466836803,"79":0.0457368009,"80":0.0471322723,"81":0.0468491241,"82":0.0461977199,"83":0.0461742766,"84":0.0463690087,"85":0.0466959812,"86":0.0471002795,"87":0.0465709567,"88":0.046194192,"89":0.0468672439,"90":0.0458660945,"91":0.0477204956,"92":0.0469513424,"93":0.0462187603,"94":0.0470550694,"95":0.0464717746,"96":0.0473594815,"97":0.0458654203,"98":0.0467403755,"99":0.0457597785},"accuracy":{"0":0.5736328363,"1":0.7925781012,"2":0.8672525883,"3":0.9111979008,"4":0.931640625,"5":0.9412109256,"6":0.9543619752,"7":0.958984375,"8":0.9649739861,"9":0.9718750119,"10":0.9727864861,"11":0.9776041508,"12":0.9796224236,"13":0.9910807014,"14":0.9951822758,"15":0.9958333373,"16":0.996419251,"17":0.9965494871,"18":0.9972005486,"19":0.9970052242,"20":0.9972656369,"21":0.9972005486,"22":0.9973307252,"23":0.9975911379,"24":0.9973307252,"25":0.9978515506,"26":0.9975911379,"27":0.9979166389,"28":0.9976562262,"29":0.9973307252,"30":0.9975260496,"31":0.9974609613,"32":0.9975260496,"33":0.9979166389,"34":0.9977864623,"35":0.9972005486,"36":0.9973958135,"37":0.9983072877,"38":0.9966796637,"39":0.9981119633,"40":0.9979817867,"41":0.9978515506,"42":0.9973307252,"43":0.9975260496,"44":0.9972656369,"45":0.9973958135,"46":0.9972005486,"47":0.9972005486,"48":0.998046875,"49":0.9974609613,"50":0.9982421994,"51":0.9981119633,"52":0.997721374,"53":0.9972656369,"54":0.998046875,"55":0.9975260496,"56":0.9975911379,"57":0.9975911379,"58":0.9974609613,"59":0.9979166389,"60":0.9976562262,"61":0.9973307252,"62":0.998046875,"63":0.9979166389,"64":0.9979817867,"65":0.9982421994,"66":0.9979817867,"67":0.9972005486,"68":0.9975911379,"69":0.9982421994,"70":0.9971354008,"71":0.9975911379,"72":0.9976562262,"73":0.9977864623,"74":0.9979817867,"75":0.9976562262,"76":0.9973958135,"77":0.9965494871,"78":0.9975911379,"79":0.9978515506,"80":0.9972005486,"81":0.9972005486,"82":0.998046875,"83":0.9976562262,"84":0.997721374,"85":0.9976562262,"86":0.9972005486,"87":0.9974609613,"88":0.9978515506,"89":0.9973958135,"90":0.9975260496,"91":0.9970052242,"92":0.9972656369,"93":0.997721374,"94":0.997721374,"95":0.9976562262,"96":0.9975911379,"97":0.9979817867,"98":0.9976562262,"99":0.997721374},"val_loss":{"0":0.9896438718,"1":0.789305985,"2":0.3461659253,"3":0.3256791532,"4":0.4764605165,"5":0.2828414738,"6":0.2686974108,"7":0.2698940635,"8":0.2117026448,"9":0.2333906144,"10":0.2297150791,"11":0.2432155609,"12":0.2825494409,"13":0.2376776189,"14":0.219582811,"15":0.2180263698,"16":0.2181463242,"17":0.2431007326,"18":0.2164155543,"19":0.1998631358,"20":0.2102185935,"21":0.2291635275,"22":0.254296869,"23":0.2544999421,"24":0.2508381009,"25":0.2561219037,"26":0.2511771023,"27":0.253049016,"28":0.2437336743,"29":0.2306084037,"30":0.2226575613,"31":0.232959941,"32":0.2443804592,"33":0.2605348229,"34":0.2547508478,"35":0.2537384629,"36":0.2321703136,"37":0.2332174033,"38":0.2360659093,"39":0.2570526302,"40":0.2584959567,"41":0.2609258294,"42":0.2606283724,"43":0.22914882,"44":0.2263902724,"45":0.2283276021,"46":0.25012061,"47":0.2213795185,"48":0.2020603418,"49":0.2090037167,"50":0.2315044403,"51":0.2523517609,"52":0.2540889382,"53":0.2504925728,"54":0.2560095191,"55":0.2511220574,"56":0.2529572546,"57":0.2436262369,"58":0.230556041,"59":0.2225832045,"60":0.2329583019,"61":0.2443787307,"62":0.2605360746,"63":0.2547506094,"64":0.2537379563,"65":0.232170105,"66":0.2332172543,"67":0.2360657752,"68":0.2570526302,"69":0.2584958971,"70":0.2609258294,"71":0.2606283426,"72":0.2291488051,"73":0.2263902426,"74":0.2283275872,"75":0.25012061,"76":0.2213794887,"77":0.2020603567,"78":0.2090037167,"79":0.2315044403,"80":0.2523517609,"81":0.2540889382,"82":0.2504925728,"83":0.2560095191,"84":0.2511220574,"85":0.2529572546,"86":0.2436262369,"87":0.230556041,"88":0.2225832045,"89":0.2329583019,"90":0.2443787307,"91":0.2605360746,"92":0.2547506094,"93":0.2537379563,"94":0.232170105,"95":0.2332172543,"96":0.2360657752,"97":0.2570526302,"98":0.2584958971,"99":0.2609258294},"val_accuracy":{"0":0.6680555344,"1":0.715277791,"2":0.9055555463,"3":0.8930555582,"4":0.8361111283,"5":0.9152777791,"6":0.9222221971,"7":0.9347222447,"8":0.9291666746,"9":0.9361110926,"10":0.9375,"11":0.9388889074,"12":0.9291666746,"13":0.9388889074,"14":0.9513888955,"15":0.9513888955,"16":0.9527778029,"17":0.9513888955,"18":0.9555555582,"19":0.9597222209,"20":0.9555555582,"21":0.9527778029,"22":0.9513888955,"23":0.9486111403,"24":0.9486111403,"25":0.9458333254,"26":0.9458333254,"27":0.9458333254,"28":0.9486111403,"29":0.9541666508,"30":0.9527778029,"31":0.9499999881,"32":0.9472222328,"33":0.9458333254,"34":0.9472222328,"35":0.9472222328,"36":0.9472222328,"37":0.9486111403,"38":0.9472222328,"39":0.9472222328,"40":0.9458333254,"41":0.944444418,"42":0.944444418,"43":0.9499999881,"44":0.9513888955,"45":0.9513888955,"46":0.9499999881,"47":0.9555555582,"48":0.9583333135,"49":0.9569444656,"50":0.9527778029,"51":0.9499999881,"52":0.9472222328,"53":0.9472222328,"54":0.9458333254,"55":0.9472222328,"56":0.9472222328,"57":0.9499999881,"58":0.9541666508,"59":0.9527778029,"60":0.9499999881,"61":0.9472222328,"62":0.9458333254,"63":0.9472222328,"64":0.9472222328,"65":0.9472222328,"66":0.9486111403,"67":0.9472222328,"68":0.9472222328,"69":0.9458333254,"70":0.944444418,"71":0.944444418,"72":0.9499999881,"73":0.9513888955,"74":0.9513888955,"75":0.9499999881,"76":0.9555555582,"77":0.9583333135,"78":0.9569444656,"79":0.9527778029,"80":0.9499999881,"81":0.9472222328,"82":0.9472222328,"83":0.9458333254,"84":0.9472222328,"85":0.9472222328,"86":0.9499999881,"87":0.9541666508,"88":0.9527778029,"89":0.9499999881,"90":0.9472222328,"91":0.9458333254,"92":0.9472222328,"93":0.9472222328,"94":0.9472222328,"95":0.9486111403,"96":0.9472222328,"97":0.9472222328,"98":0.9458333254,"99":0.944444418},"lr":{"0":0.001,"1":0.001,"2":0.001,"3":0.001,"4":0.001,"5":0.001,"6":0.001,"7":0.001,"8":0.001,"9":0.001,"10":0.001,"11":0.001,"12":0.001,"13":0.0001,"14":0.0001,"15":0.0001,"16":0.0001,"17":0.00001,"18":0.00001,"19":0.00001,"20":0.00001,"21":0.00001,"22":0.00001,"23":0.00001,"24":0.000001,"25":0.000001,"26":0.000001,"27":0.000001,"28":0.0000001,"29":0.0000001,"30":0.0000001,"31":0.0000001,"32":0.00000001,"33":0.00000001,"34":0.00000001,"35":0.00000001,"36":0.000000001,"37":0.000000001,"38":0.000000001,"39":0.000000001,"40":0.0000000001,"41":0.0000000001,"42":0.0000000001,"43":0.0000000001,"44":0.0,"45":0.0,"46":0.0,"47":0.0,"48":0.0,"49":0.0,"50":0.0,"51":0.0,"52":0.0,"53":0.0,"54":0.0,"55":0.0,"56":0.0,"57":0.0,"58":0.0,"59":0.0,"60":0.0,"61":0.0,"62":0.0,"63":0.0,"64":1.000000083e-16,"65":1.000000083e-16,