{"loss":{"0":1.093252182,"1":0.4562060237,"2":0.3308710456,"3":0.2552877069,"4":0.2188215256,"5":0.194301039,"6":0.163097322,"7":0.1325888932,"8":0.1405088454,"9":0.1203215793,"10":0.1004596204,"11":0.0742115304,"12":0.0638781339,"13":0.0607280619,"14":0.0593370236,"15":0.0567650907,"16":0.0553580299,"17":0.0538973846,"18":0.0526270121,"19":0.0487966612},"accuracy":{"0":0.6123697758,"1":0.8541015387,"2":0.8972005248,"3":0.9268229008,"4":0.9392578006,"5":0.9460937381,"6":0.957356751,"7":0.9677734375,"8":0.9643880129,"9":0.9723958373,"10":0.9789062738,"11":0.989908874,"12":0.9935547113,"13":0.9939453006,"14":0.9945963621,"15":0.9952474236,"16":0.9958333373,"17":0.9962890744,"18":0.9963541627,"19":0.9981119633},"val_loss":{"0":0.5145580173,"1":0.4149735868,"2":0.3741046488,"3":0.3045544028,"4":0.3477593064,"5":0.2653160989,"6":0.2348727733,"7":0.2839780748,"8":0.268183291,"9":0.3275898099,"10":0.3063470423,"11":0.2470760792,"12":0.2438562214,"13":0.2382792979,"14":0.2342644632,"15":0.241541326,"16":0.2521572709,"17":0.253133446,"18":0.266084969,"19":0.2601232529},"val_accuracy":{"0":0.8180555701,"1":0.8694444299,"2":0.8916666508,"3":0.9152777791,"4":0.8847222328,"5":0.9166666865,"6":0.9402777553,"7":0.9347222447,"8":0.930555582,"9":0.9263888597,"10":0.9263888597,"11":0.9486111403,"12":0.9499999881,"13":0.9569444656,"14":0.9555555582,"15":0.9555555582,"16":0.9541666508,"17":0.9527778029,"18":0.9527778029,"19":0.9569444656},"lr":{"0":0.001,"1":0.001,"2":0.001,"3":0.001,"4":0.001,"5":0.001,"6":0.001,"7":0.001,"8":0.001,"9":0.001,"10":0.001,"11":0.0001,"12":0.0001,"13":0.0001,"14":0.0001,"15":0.0001,"16":0.0001,"17":0.0001,"18":0.0001,"19":0.00001}}