{"loss":{"0":1.7505316734,"1":1.5196365118},"accuracy":{"0":0.3767386675,"1":0.4535139203},"auc":{"0":0.7548080087,"1":0.8278177977},"precision":{"0":0.7767653465,"1":0.7695939541},"recall":{"0":0.031204246,"1":0.1491581202},"true_positives":{"0":341.0,"1":1630.0},"true_negatives":{"0":76398.0,"1":76008.0},"false_positives":{"0":98.0,"1":488.0},"false_negatives":{"0":10587.0,"1":9298.0},"val_loss":{"0":1.604917407,"1":1.4789503813},"val_accuracy":{"0":0.4327206016,"1":0.4808823466},"val_auc":{"0":0.808670342,"1":0.8403270245},"val_precision":{"0":0.8758170009,"1":0.8018648028},"val_recall":{"0":0.0492647067,"1":0.1264705956},"val_true_positives":{"0":134.0,"1":344.0},"val_true_negatives":{"0":19021.0,"1":18955.0},"val_false_positives":{"0":19.0,"1":85.0},"val_false_negatives":{"0":2586.0,"1":2376.0}}