{"loss":{"0":2.8106274605},"accuracy":{"0":0.0891953334},"auc":{"0":0.5256968141},"precision":{"0":0.1092896163},"recall":{"0":0.0044010854},"true_positives":{"0":60.0},"true_negatives":{"0":163107.0},"false_positives":{"0":489.0},"false_negatives":{"0":13573.0},"val_loss":{"0":2.6065578461},"val_accuracy":{"0":0.134523809},"val_auc":{"0":0.5971925855},"val_precision":{"0":0.1818181872},"val_recall":{"0":0.0011904762},"val_true_positives":{"0":2.0},"val_true_negatives":{"0":20151.0},"val_false_positives":{"0":9.0},"val_false_negatives":{"0":1678.0},"lr":{"0":0.00001}}