{"loss":{"0":0.3596083224,"1":0.1317357421,"2":0.09779232,"3":0.0903481245,"4":0.0735191852,"5":0.0529244952,"6":0.0426681861,"7":0.0475911237,"8":0.049441427,"9":0.0264406838},"accuracy":{"0":0.8812225461,"1":0.9572657347,"2":0.9698938727,"3":0.9715409875,"4":0.9768484831,"5":0.9826134443,"6":0.9872803688,"7":0.9854502082,"8":0.9854502082,"9":0.9913067222},"auc":{"0":0.9888815284,"1":0.9974423647,"2":0.9982572198,"3":0.998314023,"4":0.9987053871,"5":0.9992403984,"6":0.9994301796,"7":0.9993457794,"8":0.9992173314,"9":0.9996438026},"precision":{"0":0.9141875505,"1":0.9612724781,"2":0.9723935127,"3":0.9743495584,"4":0.9790460467,"5":0.9837704301,"6":0.9879904389,"7":0.9858909845,"8":0.9862397909,"9":0.9919354916},"recall":{"0":0.8520314693,"1":0.9539714456,"2":0.9669656157,"3":0.96980232,"4":0.9748352766,"5":0.981789887,"6":0.9861822724,"7":0.9847181439,"8":0.9838030934,"9":0.9904831648},"true_positives":{"0":9311.0,"1":10425.0,"2":10567.0,"3":10598.0,"4":10653.0,"5":10729.0,"6":10777.0,"7":10761.0,"8":10751.0,"9":10824.0},"true_negatives":{"0":75622.0,"1":76076.0,"2":76196.0,"3":76217.0,"4":76268.0,"5":76319.0,"6":76365.0,"7":76342.0,"8":76346.0,"9":76408.0},"false_positives":{"0":874.0,"1":420.0,"2":300.0,"3":279.0,"4":228.0,"5":177.0,"6":131.0,"7":154.0,"8":150.0,"9":88.0},"false_negatives":{"0":1617.0,"1":503.0,"2":361.0,"3":330.0,"4":275.0,"5":199.0,"6":151.0,"7":167.0,"8":177.0,"9":104.0},"val_loss":{"0":0.3248760402,"1":0.5056420565,"2":0.0713620782,"3":0.0825638697,"4":0.2604720592,"5":1.1269396544,"6":0.4234582484,"7":0.1012683883,"8":0.1164535061,"9":0.0967711583},"val_accuracy":{"0":0.893014729,"1":0.8408088088,"2":0.9742646813,"3":0.9761029482,"4":0.9154411554,"5":0.7738970518,"6":0.8849264979,"7":0.9650735259,"8":0.9661764503,"9":0.9694852829},"val_auc":{"0":0.9897920489,"1":0.9806033969,"2":0.9991008043,"3":0.9978477955,"4":0.993473649,"5":0.9415796399,"6":0.9830183983,"7":0.9982306361,"8":0.9964206219,"9":0.9982976317},"val_precision":{"0":0.9084401131,"1":0.8504113555,"2":0.9756726623,"3":0.9770964384,"4":0.9210428596,"5":0.7804331779,"6":0.8885598183,"7":0.968242228,"8":0.9679085016,"9":0.9712283015},"val_recall":{"0":0.8863970637,"1":0.8360294104,"2":0.973161757,"3":0.9724264741,"4":0.9091911912,"5":0.7683823705,"6":0.8823529482,"7":0.9639706016,"8":0.9647058845,"9":0.9680147171},"val_true_positives":{"0":2411.0,"1":2274.0,"2":2647.0,"3":2645.0,"4":2473.0,"5":2090.0,"6":2400.0,"7":2622.0,"8":2624.0,"9":2633.0},"val_true_negatives":{"0":18797.0,"1":18640.0,"2":18974.0,"3":18978.0,"4":18828.0,"5":18452.0,"6":18739.0,"7":18954.0,"8":18953.0,"9":18962.0},"val_false_positives":{"0":243.0,"1":400.0,"2":66.0,"3":62.0,"4":212.0,"5":588.0,"6":301.0,"7":86.0,"8":87.0,"9":78.0},"val_false_negatives":{"0":309.0,"1":446.0,"2":73.0,"3":75.0,"4":247.0,"5":630.0,"6":320.0,"7":98.0,"8":96.0,"9":87.0}}