{"loss":{"0":0.9662401676,"1":0.508351028},"accuracy":{"0":0.6747803688,"1":0.8401354551},"auc":{"0":0.9370643497,"1":0.9808478355},"precision":{"0":0.8731797934,"1":0.89628613},"recall":{"0":0.4719070196,"1":0.7773609161},"true_positives":{"0":5157.0,"1":8495.0},"true_negatives":{"0":75747.0,"1":75513.0},"false_positives":{"0":749.0,"1":983.0},"false_negatives":{"0":5771.0,"1":2433.0},"val_loss":{"0":0.6891578436,"1":0.4970462024},"val_accuracy":{"0":0.7735294104,"1":0.8397058845},"val_auc":{"0":0.9659025669,"1":0.9808369875},"val_precision":{"0":0.8606710434,"1":0.8811559081},"val_recall":{"0":0.6790441275,"1":0.7959558964},"val_true_positives":{"0":1847.0,"1":2165.0},"val_true_negatives":{"0":18741.0,"1":18748.0},"val_false_positives":{"0":299.0,"1":292.0},"val_false_negatives":{"0":873.0,"1":555.0}}