{"val_loss":{"0":3.726846385,"1":2.8837771177},"val_rpn_class_loss":{"0":0.0328899086,"1":0.0304857746},"val_rpn_bbox_loss":{"0":1.6054757595,"1":1.1296275139},"val_mrcnn_class_loss":{"0":0.258939153,"1":0.2284675881},"val_mrcnn_bbox_loss":{"0":1.1731126666,"1":0.7994785309},"val_mrcnn_mask_loss":{"0":0.656425631,"1":0.6957143784},"loss":{"0":3.332334199,"1":2.8464119196},"rpn_class_loss":{"0":0.1489037345,"1":0.036219371},"rpn_bbox_loss":{"0":1.4090610284,"1":1.0068675339},"mrcnn_class_loss":{"0":0.1588404323,"1":0.2818725064},"mrcnn_bbox_loss":{"0":0.9651616478,"1":0.8377626312},"mrcnn_mask_loss":{"0":0.6503640497,"1":0.6836865568}}