{"val_loss":{"0":3.6053910017,"1":3.4277889729,"2":2.5941385746,"3":2.3327241182},"val_rpn_class_loss":{"0":0.0241258204,"1":0.0251932416,"2":0.0173477743,"3":0.0110423904},"val_rpn_bbox_loss":{"0":0.8836722374,"1":1.2952712297,"2":0.8539329052,"3":0.5603252411},"val_mrcnn_class_loss":{"0":0.6421423674,"1":0.2834736794,"2":0.1673832253,"3":0.3089387313},"val_mrcnn_bbox_loss":{"0":1.3300112963,"1":1.1155630589,"2":0.8629480481,"3":0.7406289816},"val_mrcnn_mask_loss":{"0":0.7254359186,"1":0.7082844615,"2":0.6925233662,"3":0.7117854476},"loss":{"0":3.4515814471,"1":2.4169500947,"2":2.0515887475,"3":2.0920023775},"rpn_class_loss":{"0":0.2175436358,"1":0.020307447,"2":0.0136437064,"3":0.0305073846},"rpn_bbox_loss":{"0":1.0136042547,"1":0.7844264948,"2":0.5678869593,"3":0.6571975718},"mrcnn_class_loss":{"0":0.4928720364,"1":0.2413381733,"2":0.226541867,"3":0.1964936961},"mrcnn_bbox_loss":{"0":1.0924822724,"1":0.679326936,"2":0.5371624684,"3":0.5150797904},"mrcnn_mask_loss":{"0":0.6350759304,"1":0.6915477228,"2":0.7063504088,"3":0.6927206039}}