{"source_image_loss":{"0":1.4259946346},"source_accuracy":{"0":0.5028625727},"source_domain_loss":{"0":13.6610221863},"target_domain_loss":{"0":0.7941101789}}