{"source_image_loss":{"0":1.8728708029,"1":1.0433593988,"2":0.7502816319,"3":0.6671719551,"4":0.4659989476,"5":0.3576365113,"6":0.2911727726,"7":0.2200031281,"8":0.1907114536,"9":0.1878297478},"source_accuracy":{"0":0.3117365241,"1":0.6135329604,"2":0.7226347327,"3":0.7594012022,"4":0.83077842,"5":0.8738921881,"6":0.8977245688,"7":0.9232335091,"8":0.9352095723,"9":0.9395209551},"source_domain_loss":{"0":2.263231039,"1":0.0000072231,"2":0.0000614059,"3":0.1235428751,"4":0.0,"5":0.0,"6":0.0,"7":0.0,"8":0.0,"9":0.0},"target_domain_loss":{"0":2.5841810703,"1":3.0665254593,"2":3.0663943291,"3":3.0587368011,"4":3.0666501522,"5":3.0666501522,"6":3.0666501522,"7":3.0666501522,"8":3.0666501522,"9":3.0666501522}}