{"loss":{"0":1.7671259642,"1":1.5182113647,"2":1.4143066406,"3":1.3433275223,"4":1.2881085873,"5":1.2428308725,"6":1.204438448,"7":1.1739065647,"8":1.1456582546,"9":1.1213446856},"accuracy":{"0":0.36896047,"1":0.4517752528,"2":0.4862737954,"3":0.5105234385,"4":0.532851398,"5":0.5501464009,"6":0.5636895895,"7":0.5779648423,"8":0.586566627,"9":0.5959004164},"auc":{"0":0.7511743307,"1":0.8301464319,"2":0.8550982475,"3":0.8706592321,"4":0.8818766475,"5":0.8904778957,"6":0.8973584175,"7":0.9026011825,"8":0.9072890282,"9":0.911214292},"precision":{"0":0.8294573426,"1":0.7770845294,"2":0.7596296072,"3":0.7618159056,"4":0.762575984,"5":0.76520437,"6":0.7663869262,"7":0.7708951831,"8":0.7755143046,"9":0.7762357593},"recall":{"0":0.0195827242,"1":0.1253660321,"2":0.1876830161,"3":0.2241947353,"4":0.2524707317,"5":0.2809297144,"6":0.3092057109,"7":0.3325402737,"8":0.3553257585,"9":0.3736273646},"true_positives":{"0":214.0,"1":1370.0,"2":2051.0,"3":2450.0,"4":2759.0,"5":3070.0,"6":3379.0,"7":3634.0,"8":3883.0,"9":4083.0},"true_negatives":{"0":76452.0,"1":76103.0,"2":75847.0,"3":75730.0,"4":75637.0,"5":75554.0,"6":75466.0,"7":75416.0,"8":75372.0,"9":75319.0},"false_positives":{"0":44.0,"1":393.0,"2":649.0,"3":766.0,"4":859.0,"5":942.0,"6":1030.0,"7":1080.0,"8":1124.0,"9":1177.0},"false_negatives":{"0":10714.0,"1":9558.0,"2":8877.0,"3":8478.0,"4":8169.0,"5":7858.0,"6":7549.0,"7":7294.0,"8":7045.0,"9":6845.0},"val_loss":{"0":1.6094373465,"1":1.4745779037,"2":1.3931920528,"3":1.3328008652,"4":1.277413249,"5":1.2375519276,"6":1.2083414793,"7":1.1858911514,"8":1.160889864,"9":1.1452052593},"val_accuracy":{"0":0.4180147052,"1":0.4463235438,"2":0.4775735438,"3":0.5011029243,"4":0.5261029601,"5":0.5393382311,"6":0.558088243,"7":0.5672793984,"8":0.5768382549,"9":0.584926486},"val_auc":{"0":0.8053771257,"1":0.8406739831,"2":0.8597843051,"3":0.8725223541,"4":0.8838837147,"5":0.8910646439,"6":0.8960060477,"7":0.8998521566,"8":0.9037025571,"9":0.9059858918},"val_precision":{"0":0.7980769277,"1":0.75,"2":0.7475455999,"3":0.7458823323,"4":0.7588889003,"5":0.7725490332,"6":0.777479887,"7":0.7667223811,"8":0.7679127455,"9":0.7686011791},"val_recall":{"0":0.0915441141,"1":0.1533088237,"2":0.1959558874,"3":0.23308824,"4":0.2511029541,"5":0.2897058725,"6":0.3198529482,"7":0.3371323645,"8":0.3625000119,"9":0.3797793984},"val_true_positives":{"0":249.0,"1":417.0,"2":533.0,"3":634.0,"4":683.0,"5":788.0,"6":870.0,"7":917.0,"8":986.0,"9":1033.0},"val_true_negatives":{"0":18977.0,"1":18901.0,"2":18860.0,"3":18824.0,"4":18823.0,"5":18808.0,"6":18791.0,"7":18761.0,"8":18742.0,"9":18729.0},"val_false_positives":{"0":63.0,"1":139.0,"2":180.0,"3":216.0,"4":217.0,"5":232.0,"6":249.0,"7":279.0,"8":298.0,"9":311.0},"val_false_negatives":{"0":2471.0,"1":2303.0,"2":2187.0,"3":2086.0,"4":2037.0,"5":1932.0,"6":1850.0,"7":1803.0,"8":1734.0,"9":1687.0}}