{"loss":{"0":0.2455652356},"accuracy":{"0":0.9244143367},"auc":{"0":0.9949300885},"precision":{"0":0.9551858902},"recall":{"0":0.8933016062},"true_positives":{"0":9762.0},"true_negatives":{"0":76038.0},"false_positives":{"0":458.0},"false_negatives":{"0":1166.0},"val_loss":{"0":0.099317722},"val_accuracy":{"0":0.9720588326},"val_auc":{"0":0.9975473285},"val_precision":{"0":0.9741697311},"val_recall":{"0":0.9705882072},"val_true_positives":{"0":2640.0},"val_true_negatives":{"0":18970.0},"val_false_positives":{"0":70.0},"val_false_negatives":{"0":80.0}}