{"loss":{"0":1.8482245207,"1":0.8328925371,"2":0.2635358572,"3":0.069688268,"4":0.0184058975,"5":0.0093393186,"6":0.0063297902,"7":0.0047511081,"8":0.0037492982,"9":0.0030518225},"accuracy":{"0":0.4020833373,"1":0.7833333611,"2":0.9541666508,"3":1.0,"4":1.0,"5":1.0,"6":1.0,"7":1.0,"8":1.0,"9":1.0},"auc":{"0":0.7884755731,"1":0.9747241735,"2":0.9989658594,"3":1.0,"4":1.0,"5":1.0,"6":1.0,"7":1.0,"8":1.0,"9":1.0},"precision":{"0":0.8974359035,"1":0.9541984797,"2":0.9930394292,"3":1.0,"4":1.0,"5":1.0,"6":1.0,"7":1.0,"8":1.0,"9":1.0},"recall":{"0":0.0729166642,"1":0.5208333135,"2":0.8916666508,"3":0.9770833254,"4":1.0,"5":1.0,"6":1.0,"7":1.0,"8":1.0,"9":1.0},"true_positives":{"0":35.0,"1":250.0,"2":428.0,"3":469.0,"4":480.0,"5":480.0,"6":480.0,"7":480.0,"8":480.0,"9":480.0},"true_negatives":{"0":4316.0,"1":4308.0,"2":4317.0,"3":4320.0,"4":4320.0,"5":4320.0,"6":4320.0,"7":4320.0,"8":4320.0,"9":4320.0},"false_positives":{"0":4.0,"1":12.0,"2":3.0,"3":0.0,"4":0.0,"5":0.0,"6":0.0,"7":0.0,"8":0.0,"9":0.0},"false_negatives":{"0":445.0,"1":230.0,"2":52.0,"3":11.0,"4":0.0,"5":0.0,"6":0.0,"7":0.0,"8":0.0,"9":0.0},"val_loss":{"0":2.0508975983,"1":2.1867287159,"2":2.284528017,"3":1.7573492527,"4":1.1963424683,"5":0.9188284278,"6":0.9554628134,"7":0.9300869703,"8":0.8442360759,"9":0.8812770844},"val_accuracy":{"0":0.4017857015,"1":0.4285714328,"2":0.4375,"3":0.5267857313,"4":0.6607142687,"5":0.696428597,"6":0.7053571343,"7":0.7142857313,"8":0.75,"9":0.741071403},"val_auc":{"0":0.7256103158,"1":0.7680431008,"2":0.7757360339,"3":0.8592244983,"4":0.9213744998,"5":0.947673142,"6":0.9468625784,"7":0.945861578,"8":0.9529744387,"9":0.9538424015},"val_precision":{"0":0.8000000119,"1":0.685185194,"2":0.4382022619,"3":0.5957446694,"4":0.71875,"5":0.74747473,"6":0.7599999905,"7":0.772277236,"8":0.790476203,"9":0.788461566},"val_recall":{"0":0.0357142873,"1":0.3303571343,"2":0.3482142985,"3":0.5,"4":0.616071403,"5":0.6607142687,"6":0.678571403,"7":0.696428597,"8":0.741071403,"9":0.7321428657},"val_true_positives":{"0":4.0,"1":37.0,"2":39.0,"3":56.0,"4":69.0,"5":74.0,"6":76.0,"7":78.0,"8":83.0,"9":82.0},"val_true_negatives":{"0":1007.0,"1":991.0,"2":958.0,"3":970.0,"4":981.0,"5":983.0,"6":984.0,"7":985.0,"8":986.0,"9":986.0},"val_false_positives":{"0":1.0,"1":17.0,"2":50.0,"3":38.0,"4":27.0,"5":25.0,"6":24.0,"7":23.0,"8":22.0,"9":22.0},"val_false_negatives":{"0":108.0,"1":75.0,"2":73.0,"3":56.0,"4":43.0,"5":38.0,"6":36.0,"7":34.0,"8":29.0,"9":30.0}}