{"loss":{"0":1.9896028042,"1":1.9373010397,"2":1.8671492338,"3":1.7793011665,"4":1.6959182024,"5":1.6378964186,"6":1.5942952633,"7":1.5574561357,"8":1.5236192942,"9":1.4907066822},"accuracy":{"0":0.2026903331,"1":0.2512811124,"2":0.3280563653,"3":0.3675878346,"4":0.3939421773,"5":0.4173682332,"6":0.4371339679,"7":0.4513177276,"8":0.4645863771,"9":0.4758418798},"auc":{"0":0.6364018321,"1":0.6773452759,"2":0.7233034372,"3":0.7572547793,"4":0.7831078172,"5":0.8006501794,"6":0.8130102754,"7":0.82321769,"8":0.8324791193,"9":0.8411682248},"precision":{"0":0.0,"1":0.0,"2":0.0,"3":0.9436619878,"4":0.8752362728,"5":0.8479912877,"6":0.8278616071,"7":0.8155186176,"8":0.8076922894,"9":0.8052384257},"recall":{"0":0.0,"1":0.0,"2":0.0,"3":0.0061310395,"4":0.0423682295,"5":0.071467787,"6":0.0853770152,"7":0.0942532942,"8":0.1018484607,"9":0.1097181588},"true_positives":{"0":0.0,"1":0.0,"2":0.0,"3":67.0,"4":463.0,"5":781.0,"6":933.0,"7":1030.0,"8":1113.0,"9":1199.0},"true_negatives":{"0":76496.0,"1":76496.0,"2":76496.0,"3":76492.0,"4":76430.0,"5":76356.0,"6":76302.0,"7":76263.0,"8":76231.0,"9":76206.0},"false_positives":{"0":0.0,"1":0.0,"2":0.0,"3":4.0,"4":66.0,"5":140.0,"6":194.0,"7":233.0,"8":265.0,"9":290.0},"false_negatives":{"0":10928.0,"1":10928.0,"2":10928.0,"3":10861.0,"4":10465.0,"5":10147.0,"6":9995.0,"7":9898.0,"8":9815.0,"9":9729.0},"val_loss":{"0":1.9754105806,"1":1.9191043377,"2":1.8336713314,"3":1.7395664454,"4":1.6643705368,"5":1.6156189442,"6":1.5776284933,"7":1.5436164141,"8":1.5117861032,"9":1.4792243242},"val_accuracy":{"0":0.1569852978,"1":0.2029411793,"2":0.2944853008,"3":0.3911764622,"4":0.4316176474,"5":0.4518382251,"6":0.4558823407,"7":0.4584558904,"8":0.4514705837,"9":0.4591911733},"val_auc":{"0":0.6484493017,"1":0.6939488649,"2":0.7350184321,"3":0.7714625001,"4":0.7968264818,"5":0.8095588684,"6":0.8181196451,"7":0.8262856007,"8":0.8328299522,"9":0.8401350975},"val_precision":{"0":0.0,"1":0.0,"2":0.0,"3":0.9690721631,"4":0.8693467379,"5":0.8046357632,"6":0.7982456088,"7":0.7756756544,"8":0.7592137456,"9":0.7612612844},"val_recall":{"0":0.0,"1":0.0,"2":0.0,"3":0.0345588252,"4":0.0636029392,"5":0.0893382356,"6":0.1003676504,"7":0.1055147052,"8":0.1136029437,"9":0.1242647022},"val_true_positives":{"0":0.0,"1":0.0,"2":0.0,"3":94.0,"4":173.0,"5":243.0,"6":273.0,"7":287.0,"8":309.0,"9":338.0},"val_true_negatives":{"0":19040.0,"1":19040.0,"2":19040.0,"3":19037.0,"4":19014.0,"5":18981.0,"6":18971.0,"7":18957.0,"8":18942.0,"9":18934.0},"val_false_positives":{"0":0.0,"1":0.0,"2":0.0,"3":3.0,"4":26.0,"5":59.0,"6":69.0,"7":83.0,"8":98.0,"9":106.0},"val_false_negatives":{"0":2720.0,"1":2720.0,"2":2720.0,"3":2626.0,"4":2547.0,"5":2477.0,"6":2447.0,"7":2433.0,"8":2411.0,"9":2382.0}}