{"loss":{"0":0.2352252454,"1":0.0840108693,"2":0.0426885076,"3":0.0380833782,"4":0.0277290512,"5":0.0239906721,"6":0.0223995708,"7":0.0225614198,"8":0.0264642034,"9":0.0073110773},"accuracy":{"0":0.9240483046,"1":0.9745607376,"2":0.9856332541,"3":0.9892935753,"4":0.9910321832,"5":0.9936859608,"6":0.9928623438,"7":0.994143486,"8":0.991215229,"9":0.9976207614},"auc":{"0":0.9945124388,"1":0.9984295368,"2":0.999612689,"3":0.9995238781,"4":0.9997496009,"5":0.9996466637,"6":0.9997014999,"7":0.9995439053,"8":0.9996533394,"9":0.9999952912},"precision":{"0":0.945017159,"1":0.9776490331,"2":0.9860678315,"3":0.9902823567,"4":0.9915720224,"5":0.9938672781,"6":0.9931306243,"7":0.9944149256,"8":0.9915712476,"9":0.9977120757},"recall":{"0":0.9059297442,"1":0.9726390839,"2":0.9844436049,"3":0.9884699583,"4":0.9904831648,"5":0.993594408,"6":0.9922218323,"7":0.993868947,"8":0.9903916717,"9":0.9976207614},"true_positives":{"0":9900.0,"1":10629.0,"2":10758.0,"3":10802.0,"4":10824.0,"5":10858.0,"6":10843.0,"7":10861.0,"8":10823.0,"9":10902.0},"true_negatives":{"0":75920.0,"1":76253.0,"2":76344.0,"3":76390.0,"4":76404.0,"5":76429.0,"6":76421.0,"7":76435.0,"8":76404.0,"9":76471.0},"false_positives":{"0":576.0,"1":243.0,"2":152.0,"3":106.0,"4":92.0,"5":67.0,"6":75.0,"7":61.0,"8":92.0,"9":25.0},"false_negatives":{"0":1028.0,"1":299.0,"2":170.0,"3":126.0,"4":104.0,"5":70.0,"6":85.0,"7":67.0,"8":105.0,"9":26.0},"val_loss":{"0":2.833568573,"1":0.2020237446,"2":0.1766405702,"3":0.0915889144,"4":0.5652408004,"5":0.087868318,"6":0.1211717948,"7":0.1304097772,"8":0.2040179074,"9":0.151896894},"val_accuracy":{"0":0.1794117689,"1":0.9378676414,"2":0.9452205896,"3":0.9716911912,"4":0.8205882311,"5":0.9764705896,"6":0.9613970518,"7":0.9628676176,"8":0.9488970637,"9":0.9573529363},"val_auc":{"0":0.6455157995,"1":0.9941440821,"2":0.9948576689,"3":0.9979190826,"4":0.9760976434,"5":0.9972957969,"6":0.9968101382,"7":0.9953181744,"8":0.9920446873,"9":0.9947261214},"val_precision":{"0":0.1918103397,"1":0.94527179,"2":0.9513010979,"3":0.9720073938,"4":0.8742786646,"5":0.9764705896,"6":0.9631404281,"7":0.965275228,"8":0.9512375593,"9":0.9618942142},"val_recall":{"0":0.1636029482,"1":0.9334558845,"2":0.9408088326,"3":0.9702205658,"4":0.7797794342,"5":0.9764705896,"6":0.9606617689,"7":0.9606617689,"8":0.9466911554,"9":0.9558823705},"val_true_positives":{"0":445.0,"1":2539.0,"2":2559.0,"3":2639.0,"4":2121.0,"5":2656.0,"6":2613.0,"7":2613.0,"8":2575.0,"9":2600.0},"val_true_negatives":{"0":17165.0,"1":18893.0,"2":18909.0,"3":18964.0,"4":18735.0,"5":18976.0,"6":18940.0,"7":18946.0,"8":18908.0,"9":18937.0},"val_false_positives":{"0":1875.0,"1":147.0,"2":131.0,"3":76.0,"4":305.0,"5":64.0,"6":100.0,"7":94.0,"8":132.0,"9":103.0},"val_false_negatives":{"0":2275.0,"1":181.0,"2":161.0,"3":81.0,"4":599.0,"5":64.0,"6":107.0,"7":107.0,"8":145.0,"9":120.0}}