{"loss":{"0":0.2662340105},"accuracy":{"0":0.9176115394},"auc":{"0":0.9932019114},"precision":{"0":0.9430111647},"recall":{"0":0.8957571387},"true_positives":{"0":9796.0},"true_negatives":{"0":75960.0},"false_positives":{"0":592.0},"false_negatives":{"0":1140.0},"val_loss":{"0":0.3437448442},"val_accuracy":{"0":0.9164223075},"val_auc":{"0":0.9853589535},"val_precision":{"0":0.9318780303},"val_recall":{"0":0.9076246619},"val_true_positives":{"0":2476.0},"val_true_negatives":{"0":18915.0},"val_false_positives":{"0":181.0},"val_false_negatives":{"0":252.0}}