{"loss":{"0":0.2413156331,"1":0.0785345063,"2":0.0662603006},"accuracy":{"0":0.9195644259,"1":0.9741947055,"2":0.9799597263},"auc":{"0":0.9949414134,"1":0.9989507794,"2":0.9989976883},"precision":{"0":0.9517335296,"1":0.976911068,"2":0.9810835719},"recall":{"0":0.8967789412,"1":0.9718155265,"2":0.9776720405},"true_positives":{"0":9800.0,"1":10620.0,"2":10684.0},"true_negatives":{"0":75999.0,"1":76245.0,"2":76290.0},"false_positives":{"0":497.0,"1":251.0,"2":206.0},"false_negatives":{"0":1128.0,"1":308.0,"2":244.0},"val_loss":{"0":3.3640582561,"1":0.0747834295,"2":0.071555078},"val_accuracy":{"0":0.2650735378,"1":0.9735293984,"2":0.9761029482},"val_auc":{"0":0.5691540241,"1":0.9990414977,"2":0.9990168214},"val_precision":{"0":0.2562167048,"1":0.9752950072,"2":0.9764011502},"val_recall":{"0":0.2121323496,"1":0.9724264741,"2":0.9735293984},"val_true_positives":{"0":577.0,"1":2645.0,"2":2648.0},"val_true_negatives":{"0":17365.0,"1":18973.0,"2":18976.0},"val_false_positives":{"0":1675.0,"1":67.0,"2":64.0},"val_false_negatives":{"0":2143.0,"1":75.0,"2":72.0}}