{"loss":{"0":0.2353386283,"1":0.0779104531,"2":0.0509732738},"accuracy":{"0":0.9252378941,"1":0.973005116,"2":0.9834370613},"auc":{"0":0.9949977398,"1":0.9991158247,"2":0.999437511},"precision":{"0":0.9482244253,"1":0.9759889841,"2":0.9845024943},"recall":{"0":0.9016288519,"1":0.9708089232,"2":0.9824304581},"true_positives":{"0":9853.0,"1":10609.0,"2":10736.0},"true_negatives":{"0":75958.0,"1":76235.0,"2":76327.0},"false_positives":{"0":538.0,"1":261.0,"2":169.0},"false_negatives":{"0":1075.0,"1":319.0,"2":192.0},"val_loss":{"0":5.0502786636,"1":0.0901599973,"2":0.0989361629},"val_accuracy":{"0":0.1334558874,"1":0.9716911912,"2":0.9713235497},"val_auc":{"0":0.5843077898,"1":0.9977231026,"2":0.9971003532},"val_precision":{"0":0.1335540861,"1":0.9734708667,"2":0.9723553061},"val_recall":{"0":0.1334558874,"1":0.9713235497,"2":0.9698529243},"val_true_positives":{"0":363.0,"1":2642.0,"2":2638.0},"val_true_negatives":{"0":16685.0,"1":18968.0,"2":18965.0},"val_false_positives":{"0":2355.0,"1":72.0,"2":75.0},"val_false_negatives":{"0":2357.0,"1":78.0,"2":82.0}}