{"loss":{"0":0.2319901139,"1":0.0799308345,"2":0.044883091,"3":0.0429181829,"4":0.02999142,"5":0.0270697139,"6":0.0229476616,"7":0.0210839938,"8":0.0248455759,"9":0.0166919306},"accuracy":{"0":0.9218521118,"1":0.9738286734,"2":0.9848096371,"3":0.9853587151,"4":0.9895680547,"5":0.990666151,"6":0.9923133254,"7":0.9935029149,"8":0.9917642474,"9":0.9937774539},"auc":{"0":0.9951857924,"1":0.9987927675,"2":0.9994542003,"3":0.9994617105,"4":0.9996782541,"5":0.9996981621,"6":0.9997501373,"7":0.9997047782,"8":0.9997012615,"9":0.9999765158},"precision":{"0":0.9477331638,"1":0.9767377973,"2":0.9857876301,"3":0.9859825969,"4":0.990739882,"5":0.9907534719,"6":0.9928551912,"7":0.9937740564,"8":0.9925796986,"9":0.9940492511},"recall":{"0":0.9009882808,"1":0.9720900655,"2":0.9838030934,"3":0.9848096371,"4":0.9888359904,"5":0.9903001189,"6":0.9918558002,"7":0.9932283759,"8":0.991489768,"9":0.993594408},"true_positives":{"0":9846.0,"1":10623.0,"2":10751.0,"3":10762.0,"4":10806.0,"5":10822.0,"6":10839.0,"7":10854.0,"8":10835.0,"9":10858.0},"true_negatives":{"0":75953.0,"1":76243.0,"2":76341.0,"3":76343.0,"4":76395.0,"5":76395.0,"6":76418.0,"7":76428.0,"8":76415.0,"9":76431.0},"false_positives":{"0":543.0,"1":253.0,"2":155.0,"3":153.0,"4":101.0,"5":101.0,"6":78.0,"7":68.0,"8":81.0,"9":65.0},"false_negatives":{"0":1082.0,"1":305.0,"2":177.0,"3":166.0,"4":122.0,"5":106.0,"6":89.0,"7":74.0,"8":93.0,"9":70.0},"val_loss":{"0":2.9892632961,"1":0.0742780045,"2":0.3060552478,"3":0.0834572986,"4":0.161848411,"5":0.1996430606,"6":0.0598645955,"7":0.1921053231,"8":0.0961854383,"9":0.058713872},"val_accuracy":{"0":0.3091911674,"1":0.9757353067,"2":0.9088235497,"3":0.9746323824,"4":0.9613970518,"5":0.9441176653,"6":0.981985271,"7":0.9477941394,"8":0.9716911912,"9":0.9805147052},"val_auc":{"0":0.591195941,"1":0.9984658957,"2":0.9895792603,"3":0.997769773,"4":0.9942996502,"5":0.9934871793,"6":0.9983844161,"7":0.9926633239,"8":0.9977251887,"9":0.9987912774},"val_precision":{"0":0.3522668183,"1":0.97605896,"2":0.9130111337,"3":0.9753495455,"4":0.9628129601,"5":0.947134912,"6":0.9830695391,"7":0.9487463236,"8":0.9723858833,"9":0.9812085629},"val_recall":{"0":0.2485294044,"1":0.9742646813,"2":0.9029411674,"3":0.9746323824,"4":0.9613970518,"5":0.941911757,"6":0.981985271,"7":0.9459558725,"8":0.9709559083,"9":0.9790441394},"val_true_positives":{"0":676.0,"1":2650.0,"2":2456.0,"3":2651.0,"4":2615.0,"5":2562.0,"6":2671.0,"7":2573.0,"8":2641.0,"9":2663.0},"val_true_negatives":{"0":17797.0,"1":18975.0,"2":18806.0,"3":18973.0,"4":18939.0,"5":18897.0,"6":18994.0,"7":18901.0,"8":18965.0,"9":18989.0},"val_false_positives":{"0":1243.0,"1":65.0,"2":234.0,"3":67.0,"4":101.0,"5":143.0,"6":46.0,"7":139.0,"8":75.0,"9":51.0},"val_false_negatives":{"0":2044.0,"1":70.0,"2":264.0,"3":69.0,"4":105.0,"5":158.0,"6":49.0,"7":147.0,"8":79.0,"9":57.0}}