{"loss":{"0":1.4180788994,"1":0.7489008307,"2":0.5466193557,"3":0.4510361254,"4":0.3938769698,"5":0.3542358577,"6":0.3245041072,"7":0.3014370799,"8":0.2822288275,"9":0.2662506402},"accuracy":{"0":0.5335834622,"1":0.7924597263,"2":0.8428806663,"3":0.8665812612,"4":0.8823206425,"5":0.8922035098,"6":0.9019033909,"7":0.9091324806,"8":0.9148975015,"9":0.9195644259},"auc":{"0":0.8780243397,"1":0.9711326957,"2":0.9833119512,"3":0.9877866507,"4":0.9901936054,"5":0.9917627573,"6":0.9928406477,"7":0.9937244654,"8":0.9943546653,"9":0.9949162006},"precision":{"0":0.9417091012,"1":0.9339080453,"2":0.9325751662,"3":0.9349426031,"4":0.9364781976,"5":0.9376145005,"6":0.9398217797,"7":0.9413161874,"8":0.9431962967,"9":0.9449853897},"recall":{"0":0.1522693932,"1":0.59480232,"2":0.7353587151,"3":0.7903550267,"4":0.8229319453,"5":0.8430637121,"6":0.8588945866,"7":0.8704245687,"8":0.8797584176,"9":0.8880856633},"true_positives":{"0":1664.0,"1":6500.0,"2":8036.0,"3":8637.0,"4":8993.0,"5":9213.0,"6":9386.0,"7":9512.0,"8":9614.0,"9":9705.0},"true_negatives":{"0":76393.0,"1":76036.0,"2":75915.0,"3":75895.0,"4":75886.0,"5":75883.0,"6":75895.0,"7":75903.0,"8":75917.0,"9":75931.0},"false_positives":{"0":103.0,"1":460.0,"2":581.0,"3":601.0,"4":610.0,"5":613.0,"6":601.0,"7":593.0,"8":579.0,"9":565.0},"false_negatives":{"0":9264.0,"1":4428.0,"2":2892.0,"3":2291.0,"4":1935.0,"5":1715.0,"6":1542.0,"7":1416.0,"8":1314.0,"9":1223.0},"val_loss":{"0":0.9422053695,"1":0.6324558258,"2":0.5120598078,"3":0.4439884424,"4":0.4006392658,"5":0.3706216812,"6":0.3463514149,"7":0.329343617,"8":0.3143170774,"9":0.301635325},"val_accuracy":{"0":0.7389705777,"1":0.8099264503,"2":0.8430147171,"3":0.8610293865,"4":0.8720588088,"5":0.8775735497,"6":0.8886029124,"7":0.8933823705,"8":0.8948529363,"9":0.8999999762},"val_auc":{"0":0.9547667503,"1":0.9772782326,"2":0.9838533401,"3":0.9870586991,"4":0.988963902,"5":0.9900209308,"6":0.9910908341,"7":0.9916314483,"8":0.992231369,"9":0.9927338958},"val_precision":{"0":0.9346696138,"1":0.9197622538,"2":0.9147701859,"3":0.9179421663,"4":0.9200000167,"5":0.9224207997,"6":0.9263581634,"7":0.9277204275,"8":0.9297553301,"9":0.9325225353},"val_recall":{"0":0.4628676474,"1":0.6827206016,"2":0.7536764741,"3":0.7937499881,"4":0.8202205896,"5":0.834926486,"6":0.8463235497,"7":0.8588235378,"8":0.866176486,"9":0.8738970757},"val_true_positives":{"0":1259.0,"1":1857.0,"2":2050.0,"3":2159.0,"4":2231.0,"5":2271.0,"6":2302.0,"7":2336.0,"8":2356.0,"9":2377.0},"val_true_negatives":{"0":18952.0,"1":18878.0,"2":18849.0,"3":18847.0,"4":18846.0,"5":18849.0,"6":18857.0,"7":18858.0,"8":18862.0,"9":18868.0},"val_false_positives":{"0":88.0,"1":162.0,"2":191.0,"3":193.0,"4":194.0,"5":191.0,"6":183.0,"7":182.0,"8":178.0,"9":172.0},"val_false_negatives":{"0":1461.0,"1":863.0,"2":670.0,"3":561.0,"4":489.0,"5":449.0,"6":418.0,"7":384.0,"8":364.0,"9":343.0}}