{"loss":{"0":2.0657427311,"1":1.0951037407,"2":0.4229718149,"3":0.1479316056,"4":0.0591038689,"5":0.0267539136,"6":0.0147949634,"7":0.0100704376,"8":0.007433577,"9":0.0059303273},"accuracy":{"0":0.3958333433,"1":0.7875000238,"2":0.9437500238,"3":0.9854166508,"4":0.9958333373,"5":1.0,"6":1.0,"7":1.0,"8":1.0,"9":1.0},"auc":{"0":0.771138072,"1":0.9667819142,"2":0.9966480732,"3":0.9998584986,"4":0.9999939799,"5":1.0,"6":1.0,"7":1.0,"8":1.0,"9":1.0},"precision":{"0":0.0,"1":0.9787234068,"2":0.9974489808,"3":1.0,"4":1.0,"5":1.0,"6":1.0,"7":1.0,"8":1.0,"9":1.0},"recall":{"0":0.0,"1":0.287499994,"2":0.8145833611,"3":0.9562500119,"4":0.9854166508,"5":0.9958333373,"6":1.0,"7":1.0,"8":1.0,"9":1.0},"true_positives":{"0":0.0,"1":138.0,"2":391.0,"3":459.0,"4":473.0,"5":478.0,"6":480.0,"7":480.0,"8":480.0,"9":480.0},"true_negatives":{"0":4320.0,"1":4317.0,"2":4319.0,"3":4320.0,"4":4320.0,"5":4320.0,"6":4320.0,"7":4320.0,"8":4320.0,"9":4320.0},"false_positives":{"0":0.0,"1":3.0,"2":1.0,"3":0.0,"4":0.0,"5":0.0,"6":0.0,"7":0.0,"8":0.0,"9":0.0},"false_negatives":{"0":480.0,"1":342.0,"2":89.0,"3":21.0,"4":7.0,"5":2.0,"6":0.0,"7":0.0,"8":0.0,"9":0.0},"val_loss":{"0":1.9836887121,"1":1.824611783,"2":1.6275997162,"3":1.1660783291,"4":1.0387859344,"5":0.7917240858,"6":0.7952744365,"7":0.7793707252,"8":0.6611894369,"9":0.7293053269},"val_accuracy":{"0":0.3482142985,"1":0.3660714328,"2":0.508928597,"3":0.5803571343,"4":0.6428571343,"5":0.758928597,"6":0.758928597,"7":0.7767857313,"8":0.8125,"9":0.7946428657},"val_auc":{"0":0.780262351,"1":0.7989211082,"2":0.8451273441,"3":0.9201965332,"4":0.93465662,"5":0.9615398049,"6":0.9646045566,"7":0.963873744,"8":0.9733427763,"9":0.9682539105},"val_precision":{"0":0.0,"1":0.555555582,"2":0.5576922894,"3":0.678571403,"4":0.7386363745,"5":0.8247422576,"6":0.8217821717,"7":0.8316831589,"8":0.8349514604,"9":0.8399999738},"val_recall":{"0":0.0,"1":0.1785714328,"2":0.2589285672,"3":0.508928597,"4":0.5803571343,"5":0.7142857313,"6":0.741071403,"7":0.75,"8":0.7678571343,"9":0.75},"val_true_positives":{"0":0.0,"1":20.0,"2":29.0,"3":57.0,"4":65.0,"5":80.0,"6":83.0,"7":84.0,"8":86.0,"9":84.0},"val_true_negatives":{"0":1008.0,"1":992.0,"2":985.0,"3":981.0,"4":985.0,"5":991.0,"6":990.0,"7":991.0,"8":991.0,"9":992.0},"val_false_positives":{"0":0.0,"1":16.0,"2":23.0,"3":27.0,"4":23.0,"5":17.0,"6":18.0,"7":17.0,"8":17.0,"9":16.0},"val_false_negatives":{"0":112.0,"1":92.0,"2":83.0,"3":55.0,"4":47.0,"5":32.0,"6":29.0,"7":28.0,"8":26.0,"9":28.0}}