{"source_digits_loss":{"0":0.3325355053,"1":0.0854492486,"2":0.0661274642,"3":0.0652415529,"4":0.0556161106,"5":0.0458103418,"6":0.044530347,"7":0.0456564166,"8":0.0428514406,"9":0.0402536765},"source_accuracy":{"0":0.8972222209,"1":0.9742222428,"2":0.980074048,"3":0.9802777767,"4":0.9834814668,"5":0.986148119,"6":0.9865740538,"7":0.9859814644,"8":0.986055553,"9":0.9871296287},"source_domain_loss":{"0":0.2030390501,"1":0.4121649265,"2":0.4341486692,"3":0.5380656719,"4":0.5770235658,"5":0.5496098399,"6":0.5536618829,"7":0.5640748739,"8":0.5791199803,"9":0.57915169},"target_domain_loss":{"0":0.0677927583,"1":0.1112467423,"2":0.1074742377,"3":0.1144186109,"4":0.1136145592,"5":0.1168358326,"6":0.120585084,"7":0.1236403435,"8":0.12943694,"9":0.126515761}}