{"loss":{"0":1.4762046337,"1":0.9292774796,"2":0.7009754777,"3":0.5744986534,"4":0.4966087043,"5":0.4419918954,"6":0.4023087621,"7":0.3708592355,"8":0.3452534378,"9":0.3235933185},"accuracy":{"0":0.5028367639,"1":0.7204428911,"2":0.8000549078,"3":0.8341873884,"4":0.8564238548,"5":0.8698755503,"6":0.8802159429,"7":0.8900073171,"8":0.8970534205,"9":0.9023609161},"auc":{"0":0.8534688354,"1":0.9526100159,"2":0.9727518559,"3":0.9808244109,"4":0.9850379229,"5":0.9877198339,"6":0.9895606637,"7":0.9909170866,"8":0.9919400215,"9":0.9928218722},"precision":{"0":0.8884381056,"1":0.9046652913,"2":0.9153333306,"3":0.9195926785,"4":0.9237801433,"5":0.9272379875,"6":0.9299554229,"7":0.9332857132,"8":0.9357013702,"9":0.9375311136},"recall":{"0":0.1202415824,"1":0.4489385188,"2":0.628202796,"3":0.7189787626,"4":0.7674780488,"5":0.7999634147,"6":0.821284771,"7":0.8372071981,"8":0.850933373,"9":0.8610907793},"true_positives":{"0":1314.0,"1":4906.0,"2":6865.0,"3":7857.0,"4":8387.0,"5":8742.0,"6":8975.0,"7":9149.0,"8":9299.0,"9":9410.0},"true_negatives":{"0":76331.0,"1":75979.0,"2":75861.0,"3":75809.0,"4":75804.0,"5":75810.0,"6":75820.0,"7":75842.0,"8":75857.0,"9":75869.0},"false_positives":{"0":165.0,"1":517.0,"2":635.0,"3":687.0,"4":692.0,"5":686.0,"6":676.0,"7":654.0,"8":639.0,"9":627.0},"false_negatives":{"0":9614.0,"1":6022.0,"2":4063.0,"3":3071.0,"4":2541.0,"5":2186.0,"6":1953.0,"7":1779.0,"8":1629.0,"9":1518.0},"val_loss":{"0":1.1301811934,"1":0.8311776519,"2":0.6664869189,"3":0.5722893476,"4":0.5002345443,"5":0.4489601552,"6":0.4073809385,"7":0.3767292202,"8":0.35258618,"9":0.3334725499},"val_accuracy":{"0":0.6374999881,"1":0.7477940917,"2":0.7974264622,"3":0.8246323466,"4":0.8452205658,"5":0.8632352948,"6":0.8757352829,"7":0.8816176653,"8":0.8889706135,"9":0.8937500119},"val_auc":{"0":0.9266027808,"1":0.961104691,"2":0.9740183949,"3":0.9799880385,"4":0.9843761325,"5":0.9871891737,"6":0.9893239141,"7":0.9906368256,"8":0.9916670918,"9":0.9923678041},"val_precision":{"0":0.8993435502,"1":0.9005628228,"2":0.9061538577,"3":0.9069334865,"4":0.915269196,"5":0.9261168242,"6":0.9302814007,"7":0.9291564226,"8":0.9340881705,"9":0.9350441098},"val_recall":{"0":0.3022058904,"1":0.5294117928,"2":0.6496323347,"3":0.7165440917,"4":0.7624999881,"5":0.7926470637,"6":0.8143382072,"7":0.8341912031,"8":0.8492646813,"9":0.8573529124},"val_true_positives":{"0":822.0,"1":1440.0,"2":1767.0,"3":1949.0,"4":2074.0,"5":2156.0,"6":2215.0,"7":2269.0,"8":2310.0,"9":2332.0},"val_true_negatives":{"0":18948.0,"1":18881.0,"2":18857.0,"3":18840.0,"4":18848.0,"5":18868.0,"6":18874.0,"7":18867.0,"8":18877.0,"9":18878.0},"val_false_positives":{"0":92.0,"1":159.0,"2":183.0,"3":200.0,"4":192.0,"5":172.0,"6":166.0,"7":173.0,"8":163.0,"9":162.0},"val_false_negatives":{"0":1898.0,"1":1280.0,"2":953.0,"3":771.0,"4":646.0,"5":564.0,"6":505.0,"7":451.0,"8":410.0,"9":388.0}}