{"loss":{"0":0.2594178319,"1":0.0685728863,"2":0.0398408882,"3":0.0327993743,"4":0.020797288,"5":0.042732656,"6":0.0254768543,"7":0.0233792178,"8":0.0173323341,"9":0.0183335878},"accuracy":{"0":0.9227672219,"1":0.9789531231,"2":0.9883784652,"3":0.9893850684,"4":0.993594408,"5":0.9873718619,"6":0.9916727543,"7":0.9924048185,"8":0.9948755503,"9":0.9946010113},"auc":{"0":0.9943195581,"1":0.9990535975,"2":0.9993898869,"3":0.999576807,"4":0.9998160601,"5":0.9991875291,"6":0.9996480346,"7":0.9997705221,"8":0.9997727275,"9":0.9996116757},"precision":{"0":0.9553352594,"1":0.9809086919,"2":0.9891832471,"3":0.9902877212,"4":0.9937740564,"5":0.9890705347,"6":0.9924860001,"7":0.9926753044,"8":0.9950558543,"9":0.9948727489},"recall":{"0":0.8905563951,"1":0.9779465795,"2":0.9874634147,"3":0.9890190363,"4":0.9932283759,"5":0.9854502082,"6":0.9911237359,"7":0.9921302795,"8":0.9945095181,"9":0.9943264723},"true_positives":{"0":9732.0,"1":10687.0,"2":10791.0,"3":10808.0,"4":10854.0,"5":10769.0,"6":10831.0,"7":10842.0,"8":10868.0,"9":10866.0},"true_negatives":{"0":76041.0,"1":76288.0,"2":76378.0,"3":76390.0,"4":76428.0,"5":76377.0,"6":76414.0,"7":76416.0,"8":76442.0,"9":76440.0},"false_positives":{"0":455.0,"1":208.0,"2":118.0,"3":106.0,"4":68.0,"5":119.0,"6":82.0,"7":80.0,"8":54.0,"9":56.0},"false_negatives":{"0":1196.0,"1":241.0,"2":137.0,"3":120.0,"4":74.0,"5":159.0,"6":97.0,"7":86.0,"8":60.0,"9":62.0},"val_loss":{"0":0.1185652763,"1":0.1204524562,"2":0.0668550134,"3":0.0534146316,"4":0.0549111292,"5":0.0661774948,"6":0.1801262945,"7":0.0557739921,"8":0.0729519501,"9":0.0586537123},"val_accuracy":{"0":0.959926486,"1":0.9669117928,"2":0.9786764979,"3":0.9808823466,"4":0.9841911793,"5":0.9805147052,"6":0.9522058964,"7":0.9812499881,"8":0.9797794223,"9":0.9841911793},"val_auc":{"0":0.9979069829,"1":0.9972733855,"2":0.9982132316,"3":0.9990391135,"4":0.9983108044,"5":0.9986004233,"6":0.9942074418,"7":0.9988391399,"8":0.9974167943,"9":0.9978818297},"val_precision":{"0":0.9636768103,"1":0.9675755501,"2":0.9790287018,"3":0.9819321632,"4":0.984185338,"5":0.9815973639,"6":0.9528023601,"7":0.9819654226,"8":0.9808542132,"9":0.984185338},"val_recall":{"0":0.9558823705,"1":0.9654411674,"2":0.9783087969,"3":0.9790441394,"4":0.9838235378,"5":0.9805147052,"6":0.9499999881,"7":0.9808823466,"8":0.9794117808,"9":0.9838235378},"val_true_positives":{"0":2600.0,"1":2626.0,"2":2661.0,"3":2663.0,"4":2676.0,"5":2667.0,"6":2584.0,"7":2668.0,"8":2664.0,"9":2676.0},"val_true_negatives":{"0":18942.0,"1":18952.0,"2":18983.0,"3":18991.0,"4":18997.0,"5":18990.0,"6":18912.0,"7":18991.0,"8":18988.0,"9":18997.0},"val_false_positives":{"0":98.0,"1":88.0,"2":57.0,"3":49.0,"4":43.0,"5":50.0,"6":128.0,"7":49.0,"8":52.0,"9":43.0},"val_false_negatives":{"0":120.0,"1":94.0,"2":59.0,"3":57.0,"4":44.0,"5":53.0,"6":136.0,"7":52.0,"8":56.0,"9":44.0}}