{"loss":{"0":1.5502912998,"1":1.1300779581,"2":0.9987698197,"3":0.8822384477,"4":0.7874717116,"5":0.7263935208,"6":0.6520453691,"7":0.5818971992,"8":0.4940478206,"9":0.5825042725,"10":0.4975829124,"11":0.4171159565,"12":0.3847893476,"13":0.3066133857,"14":0.2921568155,"15":0.2858037353,"16":0.2784604728,"17":0.2776655853,"18":0.2733536959,"19":0.2760304213},"accuracy":{"0":0.4031249881,"1":0.5679687262,"2":0.6252604127,"3":0.6752604246,"4":0.7063801885,"5":0.732747376,"6":0.7585937381,"7":0.7898437381,"8":0.8204427361,"9":0.7875000238,"10":0.8204427361,"11":0.8491536379,"12":0.8623046875,"13":0.8919922113,"14":0.8968750238,"15":0.8990885615,"16":0.9008463621,"17":0.9013671875,"18":0.9022135139,"19":0.9031900764},"val_loss":{"0":1.1833599806,"1":0.9968693852,"2":0.9057639241,"3":0.7686012387,"4":0.7383669615,"5":0.6622613072,"6":0.6004199982,"7":0.5650030971,"8":0.4446049929,"9":0.5815032721,"10":0.5393903255,"11":0.4715152383,"12":0.5254026651,"13":0.4433197975,"14":0.4283805788,"15":0.410854429,"16":0.3901059926,"17":0.38065359,"18":0.4356127977,"19":0.4271877408},"val_accuracy":{"0":0.5722222328,"1":0.6111111045,"2":0.6499999762,"3":0.7305555344,"4":0.7527777553,"5":0.7666666508,"6":0.784722209,"7":0.8027777672,"8":0.8694444299,"9":0.8000000119,"10":0.8222222328,"11":0.8236111403,"12":0.8374999762,"13":0.8652777672,"14":0.8666666746,"15":0.8736110926,"16":0.881944418,"17":0.8791666627,"18":0.8777777553,"19":0.8722222447},"lr":{"0":0.001,"1":0.001,"2":0.001,"3":0.001,"4":0.001,"5":0.001,"6":0.001,"7":0.001,"8":0.001,"9":0.001,"10":0.001,"11":0.001,"12":0.001,"13":0.0001,"14":0.0001,"15":0.0001,"16":0.0001,"17":0.0001,"18":0.0001,"19":0.0001}}