{"loss":{"0":0.8283485174,"1":0.4009197354,"2":0.272775352,"3":0.2251416445,"4":0.181166783},"accuracy":{"0":0.7157759666,"1":0.8739019036,"2":0.9185578227,"3":0.9361273646,"4":0.9494875669},"auc":{"0":0.9561609626,"1":0.989820838,"2":0.9953985214,"3":0.9967219234,"4":0.997803092},"precision":{"0":0.8482630253,"1":0.900544405,"2":0.9287455678,"3":0.9436030984,"4":0.9538532495},"recall":{"0":0.6256405711,"1":0.8476390839,"2":0.9064787626,"3":0.9293558002,"4":0.9457357526},"true_positives":{"0":6837.0,"1":9263.0,"2":9906.0,"3":10156.0,"4":10335.0},"true_negatives":{"0":75273.0,"1":75473.0,"2":75736.0,"3":75889.0,"4":75996.0},"false_positives":{"0":1223.0,"1":1023.0,"2":760.0,"3":607.0,"4":500.0},"false_negatives":{"0":4091.0,"1":1665.0,"2":1022.0,"3":772.0,"4":593.0},"val_loss":{"0":0.3903979957,"1":0.3620070815,"2":0.4872968197,"3":0.3861953318,"4":0.4908051789},"val_accuracy":{"0":0.8886029124,"1":0.8849264979,"2":0.8536764979,"3":0.9051470757,"4":0.8562499881},"val_auc":{"0":0.991191268,"1":0.9909976721,"2":0.9836518764,"3":0.9867379665,"4":0.983325243},"val_precision":{"0":0.9130606055,"1":0.9029310942,"2":0.8686103821,"3":0.9114583135,"4":0.8706015944},"val_recall":{"0":0.8533087969,"1":0.8720588088,"2":0.8433823586,"3":0.9007353187,"4":0.8459559083},"val_true_positives":{"0":2321.0,"1":2372.0,"2":2294.0,"3":2450.0,"4":2301.0},"val_true_negatives":{"0":18819.0,"1":18785.0,"2":18693.0,"3":18802.0,"4":18698.0},"val_false_positives":{"0":221.0,"1":255.0,"2":347.0,"3":238.0,"4":342.0},"val_false_negatives":{"0":399.0,"1":348.0,"2":426.0,"3":270.0,"4":419.0}}