{"loss":{"0":1.0199415684,"1":0.4406946898,"2":0.2922175229,"3":0.2278674692,"4":0.184329316},"accuracy":{"0":0.6518118382,"1":0.8579794765,"2":0.9097730517,"3":0.931094408,"4":0.9471998811},"auc":{"0":0.9319478273,"1":0.9877914786,"2":0.9946673512,"3":0.9968153238,"4":0.9978891015},"precision":{"0":0.8202069402,"1":0.8938009143,"2":0.9243140817,"3":0.9405017495,"4":0.9521256685},"recall":{"0":0.5222364664,"1":0.8232979774,"2":0.8940336704,"3":0.9228587151,"4":0.9427159429},"true_positives":{"0":5707.0,"1":8997.0,"2":9770.0,"3":10085.0,"4":10302.0},"true_negatives":{"0":75245.0,"1":75427.0,"2":75696.0,"3":75858.0,"4":75978.0},"false_positives":{"0":1251.0,"1":1069.0,"2":800.0,"3":638.0,"4":518.0},"false_negatives":{"0":5221.0,"1":1931.0,"2":1158.0,"3":843.0,"4":626.0},"val_loss":{"0":0.4768010378,"1":0.3883551657,"2":0.4867002666,"3":0.444642812,"4":0.5182926059},"val_accuracy":{"0":0.8488970399,"1":0.8779411912,"2":0.8444852829,"3":0.8863970637,"4":0.8779411912},"val_auc":{"0":0.9862447381,"1":0.9893651009,"2":0.9835449457,"3":0.9841333032,"4":0.9810997248},"val_precision":{"0":0.8892548084,"1":0.8937381506,"2":0.8612276316,"3":0.8928571343,"4":0.8815886974},"val_recall":{"0":0.7941176295,"1":0.8658088446,"2":0.830514729,"3":0.8823529482,"4":0.8731617928},"val_true_positives":{"0":2160.0,"1":2355.0,"2":2259.0,"3":2400.0,"4":2375.0},"val_true_negatives":{"0":18771.0,"1":18760.0,"2":18676.0,"3":18752.0,"4":18721.0},"val_false_positives":{"0":269.0,"1":280.0,"2":364.0,"3":288.0,"4":319.0},"val_false_negatives":{"0":560.0,"1":365.0,"2":461.0,"3":320.0,"4":345.0}}