{"loss":{"0":0.2636663914,"1":0.0549906157,"2":0.0360579416,"3":0.0320764072,"4":0.013494038,"5":0.0333184935,"6":0.0166635923,"7":0.0176230781,"8":0.0124502629,"9":0.0165928043},"accuracy":{"0":0.9193813801,"1":0.9826134443,"2":0.9884699583,"3":0.9897511005,"4":0.9954245687,"5":0.9898425937,"6":0.9950585365,"7":0.9939604402,"8":0.9963396788,"9":0.9955161214},"auc":{"0":0.9941194654,"1":0.9994261861,"2":0.9996016026,"3":0.9995251894,"4":0.9999380708,"5":0.9993837476,"6":0.9997811913,"7":0.999920845,"8":0.9998374581,"9":0.9996789694},"precision":{"0":0.9515163302,"1":0.9843922257,"2":0.9894543886,"3":0.9907382131,"4":0.9955140352,"5":0.9903819561,"6":0.9953314066,"7":0.9943233728,"8":0.9964305162,"9":0.9956060052},"recall":{"0":0.8871705532,"1":0.9811493158,"2":0.9873718619,"3":0.9886530042,"4":0.9950585365,"5":0.9893850684,"6":0.9949670434,"7":0.9937774539,"8":0.9962481856,"9":0.9952415824},"true_positives":{"0":9695.0,"1":10722.0,"2":10790.0,"3":10804.0,"4":10874.0,"5":10812.0,"6":10873.0,"7":10860.0,"8":10887.0,"9":10876.0},"true_negatives":{"0":76002.0,"1":76326.0,"2":76381.0,"3":76395.0,"4":76447.0,"5":76391.0,"6":76445.0,"7":76434.0,"8":76457.0,"9":76448.0},"false_positives":{"0":494.0,"1":170.0,"2":115.0,"3":101.0,"4":49.0,"5":105.0,"6":51.0,"7":62.0,"8":39.0,"9":48.0},"false_negatives":{"0":1233.0,"1":206.0,"2":138.0,"3":124.0,"4":54.0,"5":116.0,"6":55.0,"7":68.0,"8":41.0,"9":52.0},"val_loss":{"0":0.1009987965,"1":0.0746635869,"2":0.105585672,"3":0.0659752339,"4":0.0651151985,"5":0.1435584724,"6":0.0785487592,"7":0.0632358938,"8":0.1329171509,"9":0.1052379832},"val_accuracy":{"0":0.9691176414,"1":0.9761029482,"2":0.9742646813,"3":0.9808823466,"4":0.9808823466,"5":0.9650735259,"6":0.9742646813,"7":0.981985271,"8":0.9764705896,"9":0.9816176295},"val_auc":{"0":0.9982542992,"1":0.9982390404,"2":0.9963790178,"3":0.9983386397,"4":0.9980483651,"5":0.9947143793,"6":0.9982696176,"7":0.9984347224,"8":0.9950742722,"9":0.995112896},"val_precision":{"0":0.9719038606,"1":0.9771470428,"2":0.9753131866,"3":0.9819321632,"4":0.9812293053,"5":0.9667773843,"6":0.9764185548,"7":0.9823399782,"8":0.9775487781,"9":0.9816176295},"val_recall":{"0":0.9665440917,"1":0.9746323824,"2":0.973161757,"3":0.9790441394,"4":0.9801470637,"5":0.9628676176,"6":0.9742646813,"7":0.9816176295,"8":0.9764705896,"9":0.9816176295},"val_true_positives":{"0":2629.0,"1":2651.0,"2":2647.0,"3":2663.0,"4":2666.0,"5":2619.0,"6":2650.0,"7":2670.0,"8":2656.0,"9":2670.0},"val_true_negatives":{"0":18964.0,"1":18978.0,"2":18973.0,"3":18991.0,"4":18989.0,"5":18950.0,"6":18976.0,"7":18992.0,"8":18979.0,"9":18990.0},"val_false_positives":{"0":76.0,"1":62.0,"2":67.0,"3":49.0,"4":51.0,"5":90.0,"6":64.0,"7":48.0,"8":61.0,"9":50.0},"val_false_negatives":{"0":91.0,"1":69.0,"2":73.0,"3":57.0,"4":54.0,"5":101.0,"6":70.0,"7":50.0,"8":64.0,"9":50.0}}