{"loss":{"0":0.2793602645,"1":0.0901075229,"2":0.0649943873,"3":0.0552049689,"4":0.0449308045,"5":0.0389008187,"6":0.0338264182,"7":0.032099437,"8":0.0294391178,"9":0.0281476863},"accuracy":{"0":0.9145025611,"1":0.9720190167,"2":0.9801572561,"3":0.9844549894,"4":0.9882955551,"5":0.9871982336,"6":0.9905815721,"7":0.9905815721,"8":0.9902157784,"9":0.9925018549},"auc":{"0":0.9925133586,"1":0.9983901381,"2":0.9990723133,"3":0.998934865,"4":0.9989536405,"5":0.9993798733,"6":0.9992411733,"7":0.999304235,"8":0.9995898008,"9":0.9994342923},"precision":{"0":0.9422442317,"1":0.9756097794,"2":0.9819332361,"3":0.9861544371,"4":0.9891931415,"5":0.9878171682,"6":0.9911180139,"7":0.9912111759,"8":0.9912039638,"9":0.9929532409},"recall":{"0":0.8876188993,"1":0.9692757726,"2":0.9790599942,"3":0.9834491611,"4":0.9876554608,"5":0.9861009717,"6":0.9897586107,"7":0.9900329113,"8":0.98920995,"9":0.9921360612},"true_positives":{"0":9707.0,"1":10600.0,"2":10707.0,"3":10755.0,"4":10801.0,"5":10784.0,"6":10824.0,"7":10827.0,"8":10818.0,"9":10850.0},"true_negatives":{"0":75957.0,"1":76287.0,"2":76355.0,"3":76401.0,"4":76434.0,"5":76419.0,"6":76455.0,"7":76456.0,"8":76456.0,"9":76475.0},"false_positives":{"0":595.0,"1":265.0,"2":197.0,"3":151.0,"4":118.0,"5":133.0,"6":97.0,"7":96.0,"8":96.0,"9":77.0},"false_negatives":{"0":1229.0,"1":336.0,"2":229.0,"3":181.0,"4":135.0,"5":152.0,"6":112.0,"7":109.0,"8":118.0,"9":86.0},"val_loss":{"0":0.3474148512,"1":0.2449458539,"2":0.3186320662,"3":0.2946687341,"4":0.4911209643,"5":0.6610372663,"6":0.1683265418,"7":0.112835221,"8":0.3087545931,"9":0.197606042},"val_accuracy":{"0":0.880865097,"1":0.9373167157,"2":0.9310850501,"3":0.9351173043,"4":0.9112903476,"5":0.9006597996,"6":0.9714076519,"7":0.9765396118,"8":0.9340175986,"9":0.9662756324},"val_auc":{"0":0.9888927341,"1":0.9909525514,"2":0.9864724278,"3":0.9879581928,"4":0.9755966663,"5":0.9682028294,"6":0.9927222729,"7":0.9951354861,"8":0.9855861068,"9":0.9913819432},"val_precision":{"0":0.8904263377,"1":0.9410681129,"2":0.9319853187,"3":0.9371323586,"4":0.9130755067,"5":0.9012843966,"6":0.9717534781,"7":0.9768891931,"8":0.9357090592,"9":0.9676470757},"val_recall":{"0":0.8728005886,"1":0.9365835786,"2":0.9292522073,"3":0.9343841672,"4":0.9087243676,"5":0.900293231,"6":0.9710410833,"7":0.9761730433,"8":0.9336510301,"9":0.9648093581},"val_true_positives":{"0":2381.0,"1":2555.0,"2":2535.0,"3":2549.0,"4":2479.0,"5":2456.0,"6":2649.0,"7":2663.0,"8":2547.0,"9":2632.0},"val_true_negatives":{"0":18803.0,"1":18936.0,"2":18911.0,"3":18925.0,"4":18860.0,"5":18827.0,"6":19019.0,"7":19033.0,"8":18921.0,"9":19008.0},"val_false_positives":{"0":293.0,"1":160.0,"2":185.0,"3":171.0,"4":236.0,"5":269.0,"6":77.0,"7":63.0,"8":175.0,"9":88.0},"val_false_negatives":{"0":347.0,"1":173.0,"2":193.0,"3":179.0,"4":249.0,"5":272.0,"6":79.0,"7":65.0,"8":181.0,"9":96.0}}