{"loss":{"0":0.2789755166},"accuracy":{"0":0.913707912},"auc":{"0":0.9936711192},"precision":{"0":0.9516960979},"recall":{"0":0.8780197501},"true_positives":{"0":9595.0},"true_negatives":{"0":76009.0},"false_positives":{"0":487.0},"false_negatives":{"0":1333.0},"val_loss":{"0":0.1239847615},"val_accuracy":{"0":0.9551470876},"val_auc":{"0":0.9978919029},"val_precision":{"0":0.9586410522},"val_recall":{"0":0.9544117451},"val_true_positives":{"0":2596.0},"val_true_negatives":{"0":18928.0},"val_false_positives":{"0":112.0},"val_false_negatives":{"0":124.0}}