{"loss":{"0":0.2803765535,"1":0.0729927197,"2":0.0508316569},"accuracy":{"0":0.9093155265,"1":0.9761164188,"2":0.9832540154},"auc":{"0":0.9935316443,"1":0.9993867278,"2":0.9993280768},"precision":{"0":0.9441604614,"1":0.9790074825,"2":0.9844897389},"recall":{"0":0.8788433671,"1":0.973005116,"2":0.9816069007},"true_positives":{"0":9604.0,"1":10633.0,"2":10727.0},"true_negatives":{"0":75928.0,"1":76268.0,"2":76327.0},"false_positives":{"0":568.0,"1":228.0,"2":169.0},"false_negatives":{"0":1324.0,"1":295.0,"2":201.0},"val_loss":{"0":0.0728935972,"1":0.1040161476,"2":0.0649126768},"val_accuracy":{"0":0.9727941155,"1":0.9680147171,"2":0.9790441394},"val_auc":{"0":0.9992260933,"1":0.9972574115,"2":0.9981939197},"val_precision":{"0":0.9766839147,"1":0.9697751403,"2":0.9801105261},"val_recall":{"0":0.9702205658,"1":0.9672794342,"2":0.9783087969},"val_true_positives":{"0":2639.0,"1":2631.0,"2":2661.0},"val_true_negatives":{"0":18977.0,"1":18958.0,"2":18986.0},"val_false_positives":{"0":63.0,"1":82.0,"2":54.0},"val_false_negatives":{"0":81.0,"1":89.0,"2":59.0}}