{"loss":{"0":0.261202246,"1":0.0745466501,"2":0.0495068468,"3":0.0381178334,"4":0.0312388577,"5":0.0320335142,"6":0.0339471065,"7":0.0104922755,"8":0.0331140421,"9":0.0191770196},"accuracy":{"0":0.9175512195,"1":0.9758418798,"2":0.9838945866,"3":0.9886530042,"4":0.9893850684,"5":0.9901171327,"6":0.9895680547,"7":0.9972547293,"8":0.988286972,"9":0.9939604402},"auc":{"0":0.9941596389,"1":0.9991938472,"2":0.9992312193,"3":0.9993297458,"4":0.9998233914,"5":0.9994663,"6":0.9993591309,"7":0.9999378324,"8":0.9995616078,"9":0.9997128248},"precision":{"0":0.9493078589,"1":0.9775776267,"2":0.985775888,"3":0.9891812801,"4":0.9901970029,"5":0.9911099076,"6":0.9903793335,"7":0.9972544909,"8":0.988825798,"9":0.9941408038},"recall":{"0":0.8911054134,"1":0.9734626412,"2":0.9829794765,"3":0.9872803688,"4":0.9890190363,"5":0.9895680547,"6":0.9891105294,"7":0.9971632361,"8":0.9879209399,"9":0.9936859608},"true_positives":{"0":9738.0,"1":10638.0,"2":10742.0,"3":10789.0,"4":10808.0,"5":10814.0,"6":10809.0,"7":10897.0,"8":10796.0,"9":10859.0},"true_negatives":{"0":75976.0,"1":76252.0,"2":76341.0,"3":76378.0,"4":76389.0,"5":76399.0,"6":76391.0,"7":76466.0,"8":76374.0,"9":76432.0},"false_positives":{"0":520.0,"1":244.0,"2":155.0,"3":118.0,"4":107.0,"5":97.0,"6":105.0,"7":30.0,"8":122.0,"9":64.0},"false_negatives":{"0":1190.0,"1":290.0,"2":186.0,"3":139.0,"4":120.0,"5":114.0,"6":119.0,"7":31.0,"8":132.0,"9":69.0},"val_loss":{"0":0.0879944786,"1":0.1423885971,"2":0.0588717014,"3":0.0600339435,"4":0.1211886257,"5":0.1238833144,"6":0.0535043329,"7":0.078134045,"8":0.1280690134,"9":0.0632555932},"val_accuracy":{"0":0.9702205658,"1":0.9522058964,"2":0.9827206135,"3":0.9801470637,"4":0.9665440917,"5":0.9639706016,"6":0.9860293865,"7":0.9816176295,"8":0.9672794342,"9":0.981985271},"val_auc":{"0":0.9990561604,"1":0.9966145754,"2":0.9988335967,"3":0.9987635016,"4":0.9959571362,"5":0.9959977269,"6":0.9986374974,"7":0.9971857071,"8":0.9949691892,"9":0.998008132},"val_precision":{"0":0.9730129242,"1":0.9559585452,"2":0.9834315181,"3":0.9833825827,"4":0.9679321647,"5":0.9650092125,"6":0.9863770008,"7":0.9816040993,"8":0.9679911733,"9":0.9823334813},"val_recall":{"0":0.9676470757,"1":0.9496323466,"2":0.981985271,"3":0.9790441394,"4":0.9654411674,"5":0.9632353187,"6":0.9849264622,"7":0.9808823466,"8":0.9672794342,"9":0.9812499881},"val_true_positives":{"0":2632.0,"1":2583.0,"2":2671.0,"3":2663.0,"4":2626.0,"5":2620.0,"6":2679.0,"7":2668.0,"8":2631.0,"9":2669.0},"val_true_negatives":{"0":18967.0,"1":18921.0,"2":18995.0,"3":18995.0,"4":18953.0,"5":18945.0,"6":19003.0,"7":18990.0,"8":18953.0,"9":18992.0},"val_false_positives":{"0":73.0,"1":119.0,"2":45.0,"3":45.0,"4":87.0,"5":95.0,"6":37.0,"7":50.0,"8":87.0,"9":48.0},"val_false_negatives":{"0":88.0,"1":137.0,"2":49.0,"3":57.0,"4":94.0,"5":100.0,"6":41.0,"7":52.0,"8":89.0,"9":51.0}}