{"loss":{"0":1.6836087704,"1":1.206110239,"2":0.9464495778,"3":0.7935731411,"4":0.6929549575,"5":0.6180688143,"6":0.5614778399,"7":0.517358005,"8":0.4808058739,"9":0.4500160813},"accuracy":{"0":0.473462671,"1":0.6116397977,"2":0.7011346817,"3":0.7602488995,"4":0.7941069007,"5":0.8190885782,"6":0.8376647234,"7":0.851207912,"8":0.8625549078,"9":0.8683199286},"auc":{"0":0.7868036628,"1":0.9122521877,"2":0.948802352,"3":0.9634642005,"4":0.9713446498,"5":0.9764924645,"6":0.9800841808,"7":0.9826442003,"8":0.9846030474,"9":0.9863142371},"precision":{"0":0.9743589759,"1":0.9251400232,"2":0.9143900871,"3":0.9106585383,"4":0.9120659828,"5":0.9190616608,"6":0.9211845398,"7":0.9228956103,"8":0.9247358441,"9":0.9250797033},"recall":{"0":0.0452049784,"1":0.2872437835,"2":0.4808748066,"3":0.5605783463,"4":0.6273792386,"5":0.6847547293,"6":0.723005116,"7":0.7524707317,"8":0.7769033909,"9":0.7965775728},"true_positives":{"0":494.0,"1":3139.0,"2":5255.0,"3":6126.0,"4":6856.0,"5":7483.0,"6":7901.0,"7":8223.0,"8":8490.0,"9":8705.0},"true_negatives":{"0":76483.0,"1":76242.0,"2":76004.0,"3":75895.0,"4":75835.0,"5":75837.0,"6":75820.0,"7":75809.0,"8":75805.0,"9":75791.0},"false_positives":{"0":13.0,"1":254.0,"2":492.0,"3":601.0,"4":661.0,"5":659.0,"6":676.0,"7":687.0,"8":691.0,"9":705.0},"false_negatives":{"0":10434.0,"1":7789.0,"2":5673.0,"3":4802.0,"4":4072.0,"5":3445.0,"6":3027.0,"7":2705.0,"8":2438.0,"9":2223.0},"val_loss":{"0":1.4131290913,"1":1.0792499781,"2":0.8730756044,"3":0.7475368381,"4":0.659712553,"5":0.5913271308,"6":0.540142715,"7":0.4991900623,"8":0.4651942849,"9":0.4358168542},"val_accuracy":{"0":0.5625,"1":0.6488970518,"2":0.7283087969,"3":0.7727941275,"4":0.8095588088,"5":0.8279411793,"6":0.8433823586,"7":0.8558823466,"8":0.8613970876,"9":0.8694853187},"val_auc":{"0":0.8652556539,"1":0.9330209494,"2":0.9562380314,"3":0.9672124982,"4":0.9735155702,"5":0.9781427979,"6":0.9812709093,"7":0.983625114,"8":0.9854918718,"9":0.9870663881},"val_precision":{"0":0.9354120493,"1":0.9147869945,"2":0.9055016041,"3":0.910490334,"4":0.9145342708,"5":0.9171822667,"6":0.9166291356,"7":0.9176470637,"8":0.9198473096,"9":0.9223744273},"val_recall":{"0":0.154411763,"1":0.4025735259,"2":0.5143382549,"3":0.5871323347,"4":0.6569852829,"5":0.7084558606,"6":0.7477940917,"7":0.7742646933,"8":0.7974264622,"9":0.816911757},"val_true_positives":{"0":420.0,"1":1095.0,"2":1399.0,"3":1597.0,"4":1787.0,"5":1927.0,"6":2034.0,"7":2106.0,"8":2169.0,"9":2222.0},"val_true_negatives":{"0":19011.0,"1":18938.0,"2":18894.0,"3":18883.0,"4":18873.0,"5":18866.0,"6":18855.0,"7":18851.0,"8":18851.0,"9":18853.0},"val_false_positives":{"0":29.0,"1":102.0,"2":146.0,"3":157.0,"4":167.0,"5":174.0,"6":185.0,"7":189.0,"8":189.0,"9":187.0},"val_false_negatives":{"0":2300.0,"1":1625.0,"2":1321.0,"3":1123.0,"4":933.0,"5":793.0,"6":686.0,"7":614.0,"8":551.0,"9":498.0}}