{"loss":{"0":0.4608670175},"accuracy":{"0":0.8423112631},"auc":{"0":0.985131681},"precision":{"0":0.9267687201},"recall":{"0":0.7734806538},"true_positives":{"0":6720.0},"true_negatives":{"0":60285.0},"false_positives":{"0":531.0},"false_negatives":{"0":1968.0},"val_loss":{"0":0.2077045888},"val_accuracy":{"0":0.9291666746},"val_auc":{"0":0.9958241582},"val_precision":{"0":0.9384760857},"val_recall":{"0":0.9180555344},"val_true_positives":{"0":1983.0},"val_true_negatives":{"0":14990.0},"val_false_positives":{"0":130.0},"val_false_negatives":{"0":177.0}}