{"loss":{"0":1.8047991991,"1":0.5857679844,"2":0.1407897323,"3":0.057882186,"4":0.0276699625,"5":0.0146704828,"6":0.0043164254,"7":0.0017135993,"8":0.0011717358,"9":0.0009063656},"accuracy":{"0":0.4083333313,"1":0.8500000238,"2":0.9604166746,"3":0.9875000119,"4":0.9937499762,"5":0.9979166389,"6":1.0,"7":1.0,"8":1.0,"9":1.0},"auc":{"0":0.8003510833,"1":0.9829518795,"2":0.9993789196,"3":0.9998731613,"4":0.9999841452,"5":0.9999927878,"6":1.0000001192,"7":1.0,"8":1.0,"9":1.0},"precision":{"0":0.8529411554,"1":0.9435028434,"2":0.984716177,"3":0.9874213934,"4":0.995824635,"5":0.9979166389,"6":1.0,"7":1.0,"8":1.0,"9":1.0},"recall":{"0":0.1208333299,"1":0.6958333254,"2":0.9395833611,"3":0.9812499881,"4":0.9937499762,"5":0.9979166389,"6":1.0,"7":1.0,"8":1.0,"9":1.0},"true_positives":{"0":58.0,"1":334.0,"2":451.0,"3":471.0,"4":477.0,"5":479.0,"6":480.0,"7":480.0,"8":480.0,"9":480.0},"true_negatives":{"0":4310.0,"1":4300.0,"2":4313.0,"3":4314.0,"4":4318.0,"5":4319.0,"6":4320.0,"7":4320.0,"8":4320.0,"9":4320.0},"false_positives":{"0":10.0,"1":20.0,"2":7.0,"3":6.0,"4":2.0,"5":1.0,"6":0.0,"7":0.0,"8":0.0,"9":0.0},"false_negatives":{"0":422.0,"1":146.0,"2":29.0,"3":9.0,"4":3.0,"5":1.0,"6":0.0,"7":0.0,"8":0.0,"9":0.0},"val_loss":{"0":1.8940113783,"1":2.0772941113,"2":2.0503561497,"3":1.9671573639,"4":1.9094173908,"5":1.9904147387,"6":2.4600105286,"7":2.5129945278,"8":2.358953476,"9":2.436832428},"val_accuracy":{"0":0.4017857015,"1":0.375,"2":0.3571428657,"3":0.4375,"4":0.3928571343,"5":0.4464285672,"6":0.3214285672,"7":0.3035714328,"8":0.3482142985,"9":0.3303571343},"val_auc":{"0":0.770873189,"1":0.7576707602,"2":0.7664487958,"3":0.787237823,"4":0.8054183125,"5":0.7954666018,"6":0.7536184192,"7":0.7509211302,"8":0.7769805789,"9":0.7657401562},"val_precision":{"0":1.0,"1":0.4814814925,"2":0.538461566,"3":0.5357142687,"4":0.5576922894,"5":0.6206896305,"6":0.3636363745,"7":0.3417721391,"8":0.3874999881,"9":0.3717948794},"val_recall":{"0":0.0089285718,"1":0.2321428508,"2":0.25,"3":0.2678571343,"4":0.2589285672,"5":0.3214285672,"6":0.25,"7":0.2410714328,"8":0.2767857015,"9":0.2589285672},"val_true_positives":{"0":1.0,"1":26.0,"2":28.0,"3":30.0,"4":29.0,"5":36.0,"6":28.0,"7":27.0,"8":31.0,"9":29.0},"val_true_negatives":{"0":1008.0,"1":980.0,"2":984.0,"3":982.0,"4":985.0,"5":986.0,"6":959.0,"7":956.0,"8":959.0,"9":959.0},"val_false_positives":{"0":0.0,"1":28.0,"2":24.0,"3":26.0,"4":23.0,"5":22.0,"6":49.0,"7":52.0,"8":49.0,"9":49.0},"val_false_negatives":{"0":111.0,"1":86.0,"2":84.0,"3":82.0,"4":83.0,"5":76.0,"6":84.0,"7":85.0,"8":81.0,"9":83.0}}