{"loss":{"0":1.8585635424},"accuracy":{"0":0.3041666746},"auc":{"0":0.7999715209},"precision":{"0":0.777777791},"recall":{"0":0.1020833328},"true_positives":{"0":49.0},"true_negatives":{"0":4306.0},"false_positives":{"0":14.0},"false_negatives":{"0":431.0},"val_loss":{"0":2.2233650684},"val_accuracy":{"0":0.1964285672},"val_auc":{"0":0.6655063033},"val_precision":{"0":0.0},"val_recall":{"0":0.0},"val_true_positives":{"0":0.0},"val_true_negatives":{"0":1008.0},"val_false_positives":{"0":0.0},"val_false_negatives":{"0":112.0}}