{"loss":{"0":0.7613942623,"1":0.3801358938,"2":0.2911502719,"3":0.2426569909,"4":0.209104076,"5":0.1831555068,"6":0.1632099301,"7":0.1457212865,"8":0.1307521462,"9":0.1175582781},"accuracy":{"0":0.7629026175,"1":0.8821376562,"2":0.9105966091,"3":0.9268850684,"4":0.9355783463,"5":0.9441800714,"6":0.9510431886,"7":0.9572657347,"8":0.9625732303,"9":0.9673316479},"auc":{"0":0.9636182189,"1":0.9905233383,"2":0.9940150976,"3":0.9956493974,"4":0.9966889024,"5":0.9973413944,"6":0.9978913069,"7":0.9983331561,"8":0.9986109734,"9":0.9988309741},"precision":{"0":0.9160016775,"1":0.9309102297,"2":0.9401667714,"3":0.9486538172,"4":0.9538198113,"5":0.9591566324,"6":0.9645009637,"7":0.9682926536,"8":0.972222209,"9":0.9750232697},"recall":{"0":0.5987371802,"1":0.8273243308,"2":0.8771046996,"3":0.9028184414,"4":0.9185578227,"5":0.9283491969,"6":0.9373169541,"7":0.9445461035,"8":0.9512262344,"9":0.9573572278},"true_positives":{"0":6543.0,"1":9041.0,"2":9585.0,"3":9866.0,"4":10038.0,"5":10145.0,"6":10243.0,"7":10322.0,"8":10395.0,"9":10462.0},"true_negatives":{"0":75896.0,"1":75825.0,"2":75886.0,"3":75962.0,"4":76010.0,"5":76064.0,"6":76119.0,"7":76158.0,"8":76199.0,"9":76228.0},"false_positives":{"0":600.0,"1":671.0,"2":610.0,"3":534.0,"4":486.0,"5":432.0,"6":377.0,"7":338.0,"8":297.0,"9":268.0},"false_negatives":{"0":4385.0,"1":1887.0,"2":1343.0,"3":1062.0,"4":890.0,"5":783.0,"6":685.0,"7":606.0,"8":533.0,"9":466.0},"val_loss":{"0":0.4552945793,"1":0.3476893306,"2":0.3035794497,"3":0.2781332433,"4":0.2618488669,"5":0.2518363595,"6":0.2465528995,"7":0.2397102565,"8":0.2383799553,"9":0.2367382944},"val_accuracy":{"0":0.866176486,"1":0.8933823705,"2":0.8996323347,"3":0.9047794342,"4":0.9102941155,"5":0.9139705896,"6":0.915073514,"7":0.9172794223,"8":0.9169117808,"9":0.9187499881},"val_auc":{"0":0.9865820408,"1":0.9914963841,"2":0.9927235246,"3":0.9935405254,"4":0.9941353798,"5":0.994288981,"6":0.9942989945,"7":0.9945366383,"8":0.9944317937,"9":0.9944880605},"val_precision":{"0":0.927123785,"1":0.931076169,"2":0.9337016344,"3":0.932117939,"4":0.9338715672,"5":0.9313239455,"6":0.931178689,"7":0.9327251911,"8":0.9318955541,"9":0.9330052733},"val_recall":{"0":0.7904411554,"1":0.8492646813,"2":0.8698529601,"3":0.8834558725,"4":0.893014729,"5":0.897426486,"6":0.9003676176,"7":0.9022058845,"8":0.9055147171,"9":0.90625},"val_true_positives":{"0":2150.0,"1":2310.0,"2":2366.0,"3":2403.0,"4":2429.0,"5":2441.0,"6":2449.0,"7":2454.0,"8":2463.0,"9":2465.0},"val_true_negatives":{"0":18871.0,"1":18869.0,"2":18872.0,"3":18865.0,"4":18868.0,"5":18860.0,"6":18859.0,"7":18863.0,"8":18860.0,"9":18863.0},"val_false_positives":{"0":169.0,"1":171.0,"2":168.0,"3":175.0,"4":172.0,"5":180.0,"6":181.0,"7":177.0,"8":180.0,"9":177.0},"val_false_negatives":{"0":570.0,"1":410.0,"2":354.0,"3":317.0,"4":291.0,"5":279.0,"6":271.0,"7":266.0,"8":257.0,"9":255.0}}