{"loss":{"0":0.7225971818,"1":0.2455011308,"2":0.1567748487,"3":0.1223831177,"4":0.1228657141,"5":0.0786215663,"6":0.0791988745,"7":0.0644598082,"8":0.0574111491,"9":0.0603802279},"accuracy":{"0":0.7331625223,"1":0.9142569304,"2":0.9463762641,"3":0.9556186199,"4":0.9604685307,"5":0.9747437835,"6":0.9728221297,"7":0.9800512195,"8":0.9803257585,"9":0.9808748364},"auc":{"0":0.9621137381,"1":0.9944528937,"2":0.997078836,"3":0.9980894327,"4":0.9978616834,"5":0.9989402294,"6":0.9988258481,"7":0.9988680482,"8":0.9993926287,"9":0.9989394546},"precision":{"0":0.8698396683,"1":0.9302961826,"2":0.9543552995,"3":0.9601402283,"4":0.9656287432,"5":0.9771975279,"6":0.9750987887,"7":0.9818248749,"8":0.9819216132,"9":0.982738018},"recall":{"0":0.6304904819,"1":0.9025439024,"2":0.9394216537,"3":0.9522327781,"4":0.9563506842,"5":0.9725475907,"6":0.9710834622,"7":0.9787701368,"8":0.979136169,"9":0.979410708},"true_positives":{"0":6890.0,"1":9863.0,"2":10266.0,"3":10406.0,"4":10451.0,"5":10628.0,"6":10612.0,"7":10696.0,"8":10700.0,"9":10703.0},"true_negatives":{"0":75465.0,"1":75757.0,"2":76005.0,"3":76064.0,"4":76124.0,"5":76248.0,"6":76225.0,"7":76298.0,"8":76299.0,"9":76308.0},"false_positives":{"0":1031.0,"1":739.0,"2":491.0,"3":432.0,"4":372.0,"5":248.0,"6":271.0,"7":198.0,"8":197.0,"9":188.0},"false_negatives":{"0":4038.0,"1":1065.0,"2":662.0,"3":522.0,"4":477.0,"5":300.0,"6":316.0,"7":232.0,"8":228.0,"9":225.0},"val_loss":{"0":0.2749741971,"1":0.2011546344,"2":0.1702670753,"3":0.1143291816,"4":0.1290758997,"5":0.1281448305,"6":0.1289060414,"7":0.0773377568,"8":0.1596196741,"9":0.0804965273},"val_accuracy":{"0":0.8849264979,"1":0.9261029363,"2":0.9459558725,"3":0.9639706016,"4":0.9584558606,"5":0.9573529363,"6":0.9621323347,"7":0.9742646813,"8":0.9525735378,"9":0.9691176414},"val_auc":{"0":0.9935014844,"1":0.9962919354,"2":0.9958382845,"3":0.9973831177,"4":0.9966657162,"5":0.9972791672,"6":0.9964457154,"7":0.9987972975,"8":0.9948731661,"9":0.9990099669},"val_precision":{"0":0.8970698714,"1":0.9353271127,"2":0.9493530393,"3":0.9656953216,"4":0.9597934484,"5":0.9601034522,"6":0.9630996585,"7":0.974557519,"8":0.953240037,"9":0.9705340862},"val_recall":{"0":0.8779411912,"1":0.9198529124,"2":0.9441176653,"3":0.9624999762,"4":0.9566176534,"5":0.955514729,"6":0.9595588446,"7":0.9716911912,"8":0.9518382549,"9":0.96875},"val_true_positives":{"0":2388.0,"1":2502.0,"2":2568.0,"3":2618.0,"4":2602.0,"5":2599.0,"6":2610.0,"7":2643.0,"8":2589.0,"9":2635.0},"val_true_negatives":{"0":18766.0,"1":18867.0,"2":18903.0,"3":18947.0,"4":18931.0,"5":18932.0,"6":18940.0,"7":18971.0,"8":18913.0,"9":18960.0},"val_false_positives":{"0":274.0,"1":173.0,"2":137.0,"3":93.0,"4":109.0,"5":108.0,"6":100.0,"7":69.0,"8":127.0,"9":80.0},"val_false_negatives":{"0":332.0,"1":218.0,"2":152.0,"3":102.0,"4":118.0,"5":121.0,"6":110.0,"7":77.0,"8":131.0,"9":85.0}}