{"loss":{"0":0.2463268936,"1":0.0434178375,"2":0.0285348576,"3":0.0231112242,"4":0.0213360079,"5":0.0117191728,"6":0.0150155341,"7":0.0074355202,"8":0.023452647,"9":0.0064281197},"accuracy":{"0":0.928989768,"1":0.9863653183,"2":0.9904831648,"3":0.9921302795,"4":0.9942349792,"5":0.9966142178,"6":0.9960651398,"7":0.9977123141,"8":0.9942349792,"9":0.9983528256},"auc":{"0":0.9952290058,"1":0.9995754957,"2":0.999781847,"3":0.999804318,"4":0.999628365,"5":0.9998834133,"6":0.9997410774,"7":0.9999952912,"8":0.999555409,"9":0.9998918176},"precision":{"0":0.9616983533,"1":0.9873452783,"2":0.9913864136,"3":0.9925824404,"4":0.9944139123,"5":0.9967960715,"6":0.9965201616,"7":0.9978941679,"8":0.9943239093,"9":0.9985353351},"recall":{"0":0.8891837597,"1":0.9852672219,"2":0.9900256395,"3":0.9918558002,"4":0.9936859608,"5":0.9964311719,"6":0.9957906008,"7":0.997346282,"8":0.993868947,"9":0.9981698394},"true_positives":{"0":9717.0,"1":10767.0,"2":10819.0,"3":10839.0,"4":10859.0,"5":10889.0,"6":10882.0,"7":10899.0,"8":10861.0,"9":10908.0},"true_negatives":{"0":76109.0,"1":76358.0,"2":76402.0,"3":76415.0,"4":76435.0,"5":76461.0,"6":76458.0,"7":76473.0,"8":76434.0,"9":76480.0},"false_positives":{"0":387.0,"1":138.0,"2":94.0,"3":81.0,"4":61.0,"5":35.0,"6":38.0,"7":23.0,"8":62.0,"9":16.0},"false_negatives":{"0":1211.0,"1":161.0,"2":109.0,"3":89.0,"4":69.0,"5":39.0,"6":46.0,"7":29.0,"8":67.0,"9":20.0},"val_loss":{"0":0.0623001866,"1":0.0665712208,"2":0.0881159753,"3":0.058622025,"4":0.0722151399,"5":0.0756332874,"6":0.0535238162,"7":0.0802192464,"8":0.0598799102,"9":0.1114999428},"val_accuracy":{"0":0.9768382311,"1":0.9797794223,"2":0.9713235497,"3":0.9827206135,"4":0.981985271,"5":0.9801470637,"6":0.9834558964,"7":0.9790441394,"8":0.9834558964,"9":0.9750000238},"val_auc":{"0":0.9993195534,"1":0.9984936118,"2":0.9977763295,"3":0.9984897971,"4":0.9971721172,"5":0.9974042177,"6":0.9985047579,"7":0.9972047806,"8":0.9984243512,"9":0.9952062964},"val_precision":{"0":0.9782448411,"1":0.9812085629,"2":0.9723654985,"3":0.983799696,"4":0.981985271,"5":0.9805075526,"6":0.9841795564,"7":0.9793966413,"8":0.9845361114,"9":0.9749907851},"val_recall":{"0":0.9753676653,"1":0.9790441394,"2":0.9702205658,"3":0.9823529124,"4":0.981985271,"5":0.9801470637,"6":0.9834558964,"7":0.9786764979,"8":0.9830882549,"9":0.9746323824},"val_true_positives":{"0":2653.0,"1":2663.0,"2":2639.0,"3":2672.0,"4":2671.0,"5":2666.0,"6":2675.0,"7":2662.0,"8":2674.0,"9":2651.0},"val_true_negatives":{"0":18981.0,"1":18989.0,"2":18965.0,"3":18996.0,"4":18991.0,"5":18987.0,"6":18997.0,"7":18984.0,"8":18998.0,"9":18972.0},"val_false_positives":{"0":59.0,"1":51.0,"2":75.0,"3":44.0,"4":49.0,"5":53.0,"6":43.0,"7":56.0,"8":42.0,"9":68.0},"val_false_negatives":{"0":67.0,"1":57.0,"2":81.0,"3":48.0,"4":49.0,"5":54.0,"6":45.0,"7":58.0,"8":46.0,"9":69.0}}