{"loss":{"0":0.2302004993,"1":0.0407052748,"2":0.0268681385,"3":0.0135357399,"4":0.0173375793,"5":0.0127437459,"6":0.0187376961,"7":0.011215643,"8":0.0070455042,"9":0.0130052799},"accuracy":{"0":0.9324670434,"1":0.9881039262,"2":0.9915812612,"3":0.9963396788,"4":0.9935029149,"5":0.9968886971,"6":0.9952415824,"7":0.9962481856,"8":0.9980783463,"9":0.9964311719},"auc":{"0":0.9958431721,"1":0.9996666908,"2":0.9996874332,"3":0.9998347759,"4":0.9997765422,"5":0.9997383952,"6":0.9995754957,"7":0.9998463392,"8":0.9999439716,"9":0.9997389317},"precision":{"0":0.9642962813,"1":0.9889062047,"2":0.9925763011,"3":0.9964298606,"4":0.993955493,"5":0.997161448,"6":0.995605588,"7":0.9965214133,"8":0.9981693625,"9":0.9965207577},"recall":{"0":0.8971449733,"1":0.9870058298,"2":0.9910321832,"3":0.9960651398,"4":0.9931368828,"5":0.996522665,"6":0.9951500893,"7":0.9961566329,"8":0.9978953004,"9":0.9959736466},"true_positives":{"0":9804.0,"1":10786.0,"2":10830.0,"3":10885.0,"4":10853.0,"5":10890.0,"6":10875.0,"7":10886.0,"8":10905.0,"9":10884.0},"true_negatives":{"0":76133.0,"1":76375.0,"2":76415.0,"3":76457.0,"4":76430.0,"5":76465.0,"6":76448.0,"7":76458.0,"8":76476.0,"9":76458.0},"false_positives":{"0":363.0,"1":121.0,"2":81.0,"3":39.0,"4":66.0,"5":31.0,"6":48.0,"7":38.0,"8":20.0,"9":38.0},"false_negatives":{"0":1124.0,"1":142.0,"2":98.0,"3":43.0,"4":75.0,"5":38.0,"6":53.0,"7":42.0,"8":23.0,"9":44.0},"val_loss":{"0":0.0677033812,"1":0.0773018226,"2":0.0650292709,"3":0.3076507449,"4":0.0612931065,"5":0.118886441,"6":0.0868787169,"7":0.0393070877,"8":0.0692071095,"9":0.1377491355},"val_accuracy":{"0":0.9753676653,"1":0.9772058725,"2":0.9830882549,"3":0.9209558964,"4":0.9860293865,"5":0.9742646813,"6":0.9805147052,"7":0.9889705777,"8":0.9849264622,"9":0.9724264741},"val_auc":{"0":0.9992856383,"1":0.9984873533,"2":0.9982270598,"3":0.9870691299,"4":0.9971026778,"5":0.9958719611,"6":0.995949626,"7":0.9989184737,"8":0.9972214699,"9":0.9932412505},"val_precision":{"0":0.9774990678,"1":0.977540493,"2":0.9830882549,"3":0.9275362492,"4":0.9860140085,"5":0.9746230245,"6":0.9808682799,"7":0.9889584184,"8":0.9849153757,"9":0.972784102},"val_recall":{"0":0.9742646813,"1":0.9761029482,"2":0.9830882549,"3":0.9176470637,"4":0.9849264622,"5":0.9742646813,"6":0.9801470637,"7":0.9878676534,"8":0.9841911793,"9":0.9724264741},"val_true_positives":{"0":2650.0,"1":2655.0,"2":2674.0,"3":2496.0,"4":2679.0,"5":2650.0,"6":2666.0,"7":2687.0,"8":2677.0,"9":2645.0},"val_true_negatives":{"0":18979.0,"1":18979.0,"2":18994.0,"3":18845.0,"4":19002.0,"5":18971.0,"6":18988.0,"7":19010.0,"8":18999.0,"9":18966.0},"val_false_positives":{"0":61.0,"1":61.0,"2":46.0,"3":195.0,"4":38.0,"5":69.0,"6":52.0,"7":30.0,"8":41.0,"9":74.0},"val_false_negatives":{"0":70.0,"1":65.0,"2":46.0,"3":224.0,"4":41.0,"5":70.0,"6":54.0,"7":33.0,"8":43.0,"9":75.0}}