{"loss":{"0":0.9604203105,"1":0.4251835346,"2":0.3158189952,"3":0.2618179023,"4":0.2262145728,"5":0.1999132037,"6":0.1789142191,"7":0.1613686085,"8":0.146106109,"9":0.1334574819},"accuracy":{"0":0.7123262882,"1":0.8726225495,"2":0.9020665884,"3":0.9183430672,"4":0.9305961728,"5":0.9386430383,"6":0.9448609948,"7":0.9502560496,"8":0.9554681778,"9":0.9597659111},"auc":{"0":0.9448208809,"1":0.9887529016,"2":0.9931756854,"3":0.9949626327,"4":0.9960269928,"5":0.9967299104,"6":0.9973016977,"7":0.9977474213,"8":0.9981428385,"9":0.9983439445},"precision":{"0":0.9190679193,"1":0.9254639149,"2":0.9366134405,"3":0.9426165819,"4":0.9489747286,"5":0.9549763203,"6":0.9589931965,"7":0.9630985856,"8":0.9660366774,"9":0.9685692787},"recall":{"0":0.4724762142,"1":0.8072421551,"2":0.8633869886,"3":0.8907278776,"4":0.9098390341,"5":0.9212691784,"6":0.9302304387,"7":0.9379115105,"8":0.944129467,"9":0.9496159554},"true_positives":{"0":5167.0,"1":8828.0,"2":9442.0,"3":9741.0,"4":9950.0,"5":10075.0,"6":10173.0,"7":10257.0,"8":10325.0,"9":10385.0},"true_negatives":{"0":76097.0,"1":75841.0,"2":75913.0,"3":75959.0,"4":76017.0,"5":76077.0,"6":76117.0,"7":76159.0,"8":76189.0,"9":76215.0},"false_positives":{"0":455.0,"1":711.0,"2":639.0,"3":593.0,"4":535.0,"5":475.0,"6":435.0,"7":393.0,"8":363.0,"9":337.0},"false_negatives":{"0":5769.0,"1":2108.0,"2":1494.0,"3":1195.0,"4":986.0,"5":861.0,"6":763.0,"7":679.0,"8":611.0,"9":551.0},"val_loss":{"0":0.5642645359,"1":0.4182094932,"2":0.3565618694,"3":0.3245542347,"4":0.3060993254,"5":0.2991838753,"6":0.2917625904,"7":0.2799400389,"8":0.2760752738,"9":0.2808422744},"val_accuracy":{"0":0.830645144,"1":0.8643695116,"2":0.8804985285,"3":0.8903958797,"4":0.8966275454,"5":0.8973606825,"6":0.8973606825,"7":0.8995600939,"8":0.8999266624,"9":0.9006597996},"val_auc":{"0":0.9808392525,"1":0.9877489209,"2":0.9902410507,"3":0.9915770292,"4":0.9924834967,"5":0.9922072887,"6":0.9923704863,"7":0.9924187064,"8":0.9924722314,"9":0.9919420481},"val_precision":{"0":0.9113750458,"1":0.9115116596,"2":0.9147928953,"3":0.9132119417,"4":0.9151957035,"5":0.9117199183,"6":0.9113300443,"7":0.9127643704,"8":0.9124389291,"9":0.9129129052},"val_recall":{"0":0.7313050032,"1":0.8156158328,"2":0.8500733376,"3":0.864002943,"4":0.8742668629,"5":0.8782991171,"6":0.8815982342,"7":0.885997057,"8":0.8900293112,"9":0.8914955854},"val_true_positives":{"0":1995.0,"1":2225.0,"2":2319.0,"3":2357.0,"4":2385.0,"5":2396.0,"6":2405.0,"7":2417.0,"8":2428.0,"9":2432.0},"val_true_negatives":{"0":18902.0,"1":18880.0,"2":18880.0,"3":18872.0,"4":18875.0,"5":18864.0,"6":18862.0,"7":18865.0,"8":18863.0,"9":18864.0},"val_false_positives":{"0":194.0,"1":216.0,"2":216.0,"3":224.0,"4":221.0,"5":232.0,"6":234.0,"7":231.0,"8":233.0,"9":232.0},"val_false_negatives":{"0":733.0,"1":503.0,"2":409.0,"3":371.0,"4":343.0,"5":332.0,"6":323.0,"7":311.0,"8":300.0,"9":296.0}}